Size,Algo,Trial,Stampms,GB/s,Iters,GHz
100,fill0,0,0.00,24.7,1000,3.30
100,fill0,1,0.00,24.7,1000,3.30
100,fill0,2,0.00,24.6,1000,3.29
100,fill0,3,0.00,24.6,1000,3.29
100,fill0,4,0.00,24.6,1000,3.29
100,fill0,5,0.00,24.6,1000,3.29
100,fill0,6,0.00,24.6,1000,3.30
100,fill0,7,0.00,24.7,1000,3.30
100,fill0,8,0.00,24.6,1000,3.30
100,fill0,9,0.00,24.7,1000,3.30
100,fill0,10,0.00,24.6,1000,3.29
100,fill0,11,0.00,24.6,1000,3.29
100,fill0,12,0.00,24.6,1000,3.29
100,fill0,13,0.00,24.7,1000,3.29
100,fill0,14,0.00,24.6,1000,3.29
100,fill0,15,0.00,24.7,1000,3.30
100,fill0,16,0.00,24.6,1000,3.30
100,fill1,0,0.00,26.6,1000,3.29
100,fill1,1,0.00,26.5,1000,3.29
100,fill1,2,0.00,26.6,1000,3.29
100,fill1,3,0.00,26.6,1000,3.29
100,fill1,4,0.00,26.7,1000,3.30
100,fill1,5,0.00,11.6,1000,1.92
100,fill1,6,0.00,25.3,1000,3.29
100,fill1,7,0.00,25.3,1000,3.29
100,fill1,8,0.00,25.3,1000,3.29
100,fill1,9,0.00,25.3,1000,3.29
100,fill1,10,0.00,25.4,1000,3.30
100,fill1,11,0.00,25.4,1000,3.30
100,fill1,12,0.00,25.4,1000,3.30
100,fill1,13,0.00,25.3,1000,3.29
100,fill1,14,0.00,25.3,1000,3.29
100,fill1,15,0.00,25.3,1000,3.29
100,fill1,16,0.00,25.3,1000,3.29
132,fill0,0,0.00,33.3,752,3.29
132,fill0,1,0.00,33.2,752,3.29
132,fill0,2,0.00,33.3,752,3.30
132,fill0,3,0.00,33.3,752,3.30
132,fill0,4,0.00,33.4,752,3.30
132,fill0,5,0.00,33.2,752,3.29
132,fill0,6,0.00,33.3,752,3.29
132,fill0,7,0.00,33.2,752,3.29
132,fill0,8,0.00,33.2,752,3.29
132,fill0,9,0.00,33.1,752,3.29
132,fill0,10,0.00,33.2,752,3.29
132,fill0,11,0.00,33.2,752,3.29
132,fill0,12,0.00,33.3,752,3.30
132,fill0,13,0.00,33.2,752,3.30
132,fill0,14,0.00,33.3,752,3.30
132,fill0,15,0.00,33.2,752,3.30
132,fill0,16,0.00,33.3,752,3.30
132,fill1,0,0.00,30.8,752,3.29
132,fill1,1,0.00,30.9,752,3.29
132,fill1,2,0.00,30.8,752,3.29
132,fill1,3,0.00,30.9,752,3.29
132,fill1,4,0.00,30.9,752,3.29
132,fill1,5,0.00,31.0,752,3.30
132,fill1,6,0.00,30.9,752,3.30
132,fill1,7,0.00,31.0,752,3.30
132,fill1,8,0.00,30.9,752,3.30
132,fill1,9,0.00,30.9,752,3.29
132,fill1,10,0.00,30.8,752,3.29
132,fill1,11,0.00,30.9,752,3.29
132,fill1,12,0.00,30.8,752,3.29
132,fill1,13,0.00,30.9,752,3.29
132,fill1,14,0.00,30.8,752,3.29
132,fill1,15,0.00,30.9,752,3.30
132,fill1,16,0.00,30.9,752,3.30
176,fill0,0,0.00,37.5,565,3.30
176,fill0,1,0.00,37.6,565,3.30
176,fill0,2,0.00,37.5,565,3.30
176,fill0,3,0.00,37.5,565,3.29
176,fill0,4,0.00,37.5,565,3.29
176,fill0,5,0.00,37.6,565,3.29
176,fill0,6,0.00,37.4,565,3.29
176,fill0,7,0.00,37.5,565,3.29
176,fill0,8,0.00,37.4,565,3.29
176,fill0,9,0.00,37.6,565,3.29
176,fill0,10,0.00,37.5,565,3.29
176,fill0,11,0.00,37.7,565,3.30
176,fill0,12,0.00,37.6,565,3.30
176,fill0,13,0.00,37.7,565,3.30
176,fill0,14,0.00,37.5,565,3.30
176,fill0,15,0.00,37.6,565,3.29
176,fill0,16,0.00,37.4,565,3.29
176,fill1,0,0.00,37.6,565,3.29
176,fill1,1,0.00,37.4,565,3.29
176,fill1,2,0.00,37.5,565,3.29
176,fill1,3,0.00,37.4,565,3.29
176,fill1,4,0.00,37.6,565,3.29
176,fill1,5,0.00,37.4,565,3.29
176,fill1,6,0.00,37.6,565,3.30
176,fill1,7,0.00,10.0,565,3.30
176,fill1,8,0.00,36.7,565,3.29
176,fill1,9,0.00,36.6,565,3.29
176,fill1,10,0.00,36.8,565,3.29
176,fill1,11,0.00,36.9,565,3.29
176,fill1,12,0.00,36.8,565,3.29
176,fill1,13,0.00,36.9,565,3.29
176,fill1,14,0.00,36.8,565,3.29
176,fill1,15,0.00,37.0,565,3.29
176,fill1,16,0.00,36.9,565,3.30
236,fill0,0,0.00,46.7,424,3.29
236,fill0,1,0.00,47.0,424,3.29
236,fill0,2,0.00,46.8,424,3.30
236,fill0,3,0.00,47.0,424,3.30
236,fill0,4,0.00,2.7,424,0.30
236,fill0,5,0.00,48.4,424,3.50
236,fill0,6,0.00,48.5,424,3.50
236,fill0,7,0.00,48.7,424,3.49
236,fill0,8,0.00,48.4,424,3.49
236,fill0,9,0.00,48.6,424,3.49
236,fill0,10,0.00,48.4,424,3.49
236,fill0,11,0.00,48.6,424,3.49
236,fill0,12,0.00,48.5,424,3.49
236,fill0,13,0.00,48.6,424,3.49
236,fill0,14,0.00,48.5,424,3.49
236,fill0,15,0.00,48.7,424,3.50
236,fill0,16,0.00,48.5,424,3.49
236,fill1,0,0.00,49.3,424,3.49
236,fill1,1,0.00,49.2,424,3.49
236,fill1,2,0.00,49.4,424,3.49
236,fill1,3,0.00,49.3,424,3.49
236,fill1,4,0.00,49.5,424,3.50
236,fill1,5,0.00,49.3,424,3.50
236,fill1,6,0.00,49.5,424,3.50
236,fill1,7,0.00,49.4,424,3.50
236,fill1,8,0.00,49.5,424,3.50
236,fill1,9,0.00,49.3,424,3.50
236,fill1,10,0.00,49.4,424,3.49
236,fill1,11,0.00,49.3,424,3.49
236,fill1,12,0.00,49.4,424,3.49
236,fill1,13,0.00,49.2,424,3.49
236,fill1,14,0.00,49.3,424,3.48
236,fill1,15,0.00,49.2,424,3.49
236,fill1,16,0.00,49.3,424,3.49
312,fill0,0,0.00,69.1,319,3.50
312,fill0,1,0.00,69.2,319,3.49
312,fill0,2,0.00,69.0,319,3.50
312,fill0,3,0.00,69.2,319,3.49
312,fill0,4,0.00,69.0,319,3.49
312,fill0,5,0.00,69.1,319,3.49
312,fill0,6,0.00,68.9,319,3.49
312,fill0,7,0.00,69.0,319,3.49
312,fill0,8,0.00,68.9,319,3.49
312,fill0,9,0.00,69.1,319,3.49
312,fill0,10,0.00,68.9,319,3.49
312,fill0,11,0.00,69.1,319,3.49
312,fill0,12,0.00,69.0,319,3.49
312,fill0,13,0.00,69.2,319,3.50
312,fill0,14,0.00,69.0,319,3.49
312,fill0,15,0.00,69.3,319,3.50
312,fill0,16,0.00,69.1,319,3.49
312,fill1,0,0.00,69.0,319,3.49
312,fill1,1,0.00,69.1,319,3.49
312,fill1,2,0.00,69.0,319,3.49
312,fill1,3,0.00,69.1,319,3.49
312,fill1,4,0.00,69.2,319,3.49
312,fill1,5,0.00,69.1,319,3.49
312,fill1,6,0.00,69.1,319,3.49
312,fill1,7,0.00,69.0,319,3.49
312,fill1,8,0.00,69.3,319,3.50
312,fill1,9,0.00,69.1,319,3.50
312,fill1,10,0.00,69.3,319,3.50
312,fill1,11,0.00,69.2,319,3.50
312,fill1,12,0.00,69.4,319,3.50
312,fill1,13,0.00,69.3,319,3.50
312,fill1,14,0.00,69.3,319,3.50
312,fill1,15,0.00,69.2,319,3.50
312,fill1,16,0.00,69.3,319,3.50
416,fill0,0,0.00,88.0,240,3.49
416,fill0,1,0.00,89.0,240,3.49
416,fill0,2,0.00,87.9,240,3.49
416,fill0,3,0.00,88.9,240,3.50
416,fill0,4,0.00,88.0,240,3.49
416,fill0,5,0.00,88.7,240,3.49
416,fill0,6,0.00,88.4,240,3.50
416,fill0,7,0.00,89.1,240,3.50
416,fill0,8,0.00,88.3,240,3.50
416,fill0,9,0.00,88.7,240,3.49
416,fill0,10,0.00,88.5,240,3.50
416,fill0,11,0.00,89.0,240,3.50
416,fill0,12,0.00,88.4,240,3.50
416,fill0,13,0.00,89.2,240,3.50
416,fill0,14,0.00,88.3,240,3.50
416,fill0,15,0.00,88.9,240,3.50
416,fill0,16,0.00,88.3,240,3.50
416,fill1,0,0.00,88.4,240,3.49
416,fill1,1,0.00,88.7,240,3.49
416,fill1,2,0.00,88.4,240,3.49
416,fill1,3,0.00,88.8,240,3.49
416,fill1,4,0.00,88.4,240,3.49
416,fill1,5,0.00,88.7,240,3.49
416,fill1,6,0.00,88.6,240,3.50
416,fill1,7,0.00,89.1,240,3.50
416,fill1,8,0.00,88.6,240,3.50
416,fill1,9,0.00,89.1,240,3.50
416,fill1,10,0.00,88.6,240,3.50
416,fill1,11,0.00,89.1,240,3.50
416,fill1,12,0.00,88.7,240,3.50
416,fill1,13,0.00,88.9,240,3.50
416,fill1,14,0.00,88.7,240,3.50
416,fill1,15,0.00,88.9,240,3.50
416,fill1,16,0.00,88.7,240,3.50
556,fill0,0,0.00,108.9,180,3.49
556,fill0,1,0.00,109.7,180,3.49
556,fill0,2,0.00,109.0,180,3.49
556,fill0,3,0.00,109.5,180,3.49
556,fill0,4,0.00,109.0,180,3.49
556,fill0,5,0.00,109.9,180,3.49
556,fill0,6,0.00,109.4,180,3.50
556,fill0,7,0.00,109.9,180,3.49
556,fill0,8,0.00,109.3,180,3.50
556,fill0,9,0.00,110.0,180,3.49
556,fill0,10,0.00,109.4,180,3.50
556,fill0,11,0.00,110.8,180,3.50
556,fill0,12,0.00,110.8,180,3.50
556,fill0,13,0.00,111.7,180,3.50
556,fill0,14,0.00,110.8,180,3.50
556,fill0,15,0.00,111.4,180,3.50
556,fill0,16,0.00,110.8,180,3.50
556,fill1,0,0.00,108.4,180,3.49
556,fill1,1,0.00,109.5,180,3.49
556,fill1,2,0.00,108.8,180,3.49
556,fill1,3,0.00,109.9,180,3.49
556,fill1,4,0.00,108.4,180,3.48
556,fill1,5,0.00,109.5,180,3.49
556,fill1,6,0.00,109.0,180,3.49
556,fill1,7,0.00,109.0,180,3.49
556,fill1,8,0.00,108.9,180,3.49
556,fill1,9,0.00,109.7,180,3.49
556,fill1,10,0.00,109.3,180,3.49
556,fill1,11,0.00,109.3,180,3.50
556,fill1,12,0.00,110.2,180,3.49
556,fill1,13,0.00,111.4,180,3.49
556,fill1,14,0.00,110.0,180,3.49
556,fill1,15,0.00,111.2,180,3.49
556,fill1,16,0.00,110.5,180,3.49
740,fill0,0,0.00,122.0,135,3.50
740,fill0,1,0.00,124.3,135,3.49
740,fill0,2,0.00,122.0,135,3.50
740,fill0,3,0.00,123.5,135,3.49
740,fill0,4,0.00,122.6,135,3.50
740,fill0,5,0.00,123.0,135,3.49
740,fill0,6,0.00,122.0,135,3.49
740,fill0,7,0.00,124.1,135,3.50
740,fill0,8,0.00,121.5,135,3.49
740,fill0,9,0.00,122.3,135,3.49
740,fill0,10,0.00,122.1,135,3.49
740,fill0,11,0.00,122.6,135,3.49
740,fill0,12,0.00,122.1,135,3.48
740,fill0,13,0.00,122.4,135,3.49
740,fill0,14,0.00,122.4,135,3.49
740,fill0,15,0.00,122.3,135,3.48
740,fill0,16,0.00,122.4,135,3.49
740,fill1,0,0.00,123.0,135,3.50
740,fill1,1,0.00,124.7,135,3.50
740,fill1,2,0.00,124.3,135,3.50
740,fill1,3,0.00,123.8,135,3.50
740,fill1,4,0.00,123.0,135,3.50
740,fill1,5,0.00,124.9,135,3.50
740,fill1,6,0.00,122.6,135,3.50
740,fill1,7,0.00,124.3,135,3.50
740,fill1,8,0.00,123.8,135,3.50
740,fill1,9,0.00,124.4,135,3.49
740,fill1,10,0.00,122.4,135,3.50
740,fill1,11,0.00,124.3,135,3.50
740,fill1,12,0.00,122.9,135,3.50
740,fill1,13,0.00,124.1,135,3.49
740,fill1,14,0.00,122.6,135,3.50
740,fill1,15,0.00,124.3,135,3.50
740,fill1,16,0.00,124.1,135,3.49
988,fill0,0,0.00,131.4,102,3.49
988,fill0,1,0.00,133.5,102,3.50
988,fill0,2,0.00,132.4,102,3.49
988,fill0,3,0.00,133.3,102,3.49
988,fill0,4,0.00,132.1,102,3.50
988,fill0,5,0.00,133.5,102,3.49
988,fill0,6,0.00,132.1,102,3.49
988,fill0,7,0.00,133.1,102,3.50
988,fill0,8,0.00,133.1,102,3.50
988,fill0,9,0.00,132.8,102,3.49
988,fill0,10,0.00,134.4,102,3.50
988,fill0,11,0.00,132.8,102,3.50
988,fill0,12,0.00,133.3,102,3.50
988,fill0,13,0.00,134.0,102,3.50
988,fill0,14,0.00,134.2,102,3.51
988,fill0,15,0.00,133.5,102,3.50
988,fill0,16,0.00,134.5,102,3.50
988,fill1,0,0.00,131.9,102,3.50
988,fill1,1,0.00,129.7,102,3.49
988,fill1,2,0.00,132.1,102,3.49
988,fill1,3,0.00,131.9,102,3.50
988,fill1,4,0.00,131.0,102,3.48
988,fill1,5,0.00,130.7,102,3.49
988,fill1,6,0.00,130.7,102,3.49
988,fill1,7,0.00,131.6,102,3.49
988,fill1,8,0.00,129.5,102,3.48
988,fill1,9,0.00,132.1,102,3.50
988,fill1,10,0.00,131.7,102,3.49
988,fill1,11,0.00,131.7,102,3.49
988,fill1,12,0.00,130.0,102,3.49
988,fill1,13,0.00,132.1,102,3.50
988,fill1,14,0.00,132.6,102,3.49
988,fill1,15,0.00,131.0,102,3.49
988,fill1,16,0.00,131.0,102,3.49
1316,fill0,0,0.00,158.5,76,3.50
1316,fill0,1,0.00,158.8,76,3.50
1316,fill0,2,0.00,159.0,76,3.50
1316,fill0,3,0.00,157.5,76,3.50
1316,fill0,4,0.00,158.5,76,3.50
1316,fill0,5,0.00,159.0,76,3.50
1316,fill0,6,0.00,159.0,76,3.50
1316,fill0,7,0.00,157.0,76,3.50
1316,fill0,8,0.00,158.8,76,3.50
1316,fill0,9,0.00,158.0,76,3.49
1316,fill0,10,0.00,158.8,76,3.50
1316,fill0,11,0.00,157.3,76,3.50
1316,fill0,12,0.00,158.5,76,3.49
1316,fill0,13,0.00,158.8,76,3.50
1316,fill0,14,0.00,159.0,76,3.50
1316,fill0,15,0.00,157.0,76,3.49
1316,fill0,16,0.00,158.5,76,3.49
1316,fill1,0,0.00,159.0,76,3.49
1316,fill1,1,0.00,158.0,76,3.49
1316,fill1,2,0.00,159.5,76,3.49
1316,fill1,3,0.00,158.5,76,3.49
1316,fill1,4,0.00,158.8,76,3.49
1316,fill1,5,0.00,158.5,76,3.49
1316,fill1,6,0.00,159.3,76,3.50
1316,fill1,7,0.00,158.8,76,3.49
1316,fill1,8,0.00,159.0,76,3.49
1316,fill1,9,0.00,158.8,76,3.50
1316,fill1,10,0.00,159.0,76,3.49
1316,fill1,11,0.00,158.5,76,3.49
1316,fill1,12,0.00,159.5,76,3.50
1316,fill1,13,0.00,158.8,76,3.50
1316,fill1,14,0.00,158.8,76,3.49
1316,fill1,15,0.00,159.0,76,3.50
1316,fill1,16,0.00,159.5,76,3.50
1756,fill0,0,0.00,151.2,57,3.50
1756,fill0,1,0.00,150.7,57,3.50
1756,fill0,2,0.00,151.0,57,3.49
1756,fill0,3,0.00,150.7,57,3.50
1756,fill0,4,0.00,151.2,57,3.50
1756,fill0,5,0.00,150.5,57,3.49
1756,fill0,6,0.00,151.2,57,3.50
1756,fill0,7,0.00,150.7,57,3.50
1756,fill0,8,0.00,151.0,57,3.49
1756,fill0,9,0.00,150.5,57,3.49
1756,fill0,10,0.00,151.0,57,3.49
1756,fill0,11,0.00,150.5,57,3.49
1756,fill0,12,0.00,151.0,57,3.49
1756,fill0,13,0.00,150.5,57,3.49
1756,fill0,14,0.00,150.5,57,3.48
1756,fill0,15,0.00,150.5,57,3.49
1756,fill0,16,0.00,151.0,57,3.49
1756,fill1,0,0.00,150.7,57,3.49
1756,fill1,1,0.00,151.2,57,3.50
1756,fill1,2,0.00,151.0,57,3.50
1756,fill1,3,0.00,151.0,57,3.49
1756,fill1,4,0.00,151.2,57,3.50
1756,fill1,5,0.00,151.0,57,3.49
1756,fill1,6,0.00,151.0,57,3.50
1756,fill1,7,0.00,151.4,57,3.50
1756,fill1,8,0.00,151.2,57,3.50
1756,fill1,9,0.00,151.0,57,3.49
1756,fill1,10,0.00,151.2,57,3.50
1756,fill1,11,0.00,151.7,57,3.51
1756,fill1,12,0.00,151.0,57,3.50
1756,fill1,13,0.00,151.2,57,3.50
1756,fill1,14,0.00,151.0,57,3.50
1756,fill1,15,0.00,151.2,57,3.50
1756,fill1,16,0.00,151.0,57,3.50
2340,fill0,0,0.00,181.3,43,3.50
2340,fill0,1,0.00,177.1,43,3.49
2340,fill0,2,0.00,181.0,43,3.50
2340,fill0,3,0.00,177.1,43,3.49
2340,fill0,4,0.00,180.3,43,3.49
2340,fill0,5,0.00,177.5,43,3.50
2340,fill0,6,0.00,180.6,43,3.49
2340,fill0,7,0.00,177.1,43,3.49
2340,fill0,8,0.00,180.3,43,3.49
2340,fill0,9,0.00,176.5,43,3.48
2340,fill0,10,0.00,180.6,43,3.49
2340,fill0,11,0.00,177.5,43,3.50
2340,fill0,12,0.00,180.3,43,3.49
2340,fill0,13,0.00,177.1,43,3.49
2340,fill0,14,0.00,181.6,43,3.51
2340,fill0,15,0.00,177.1,43,3.49
2340,fill0,16,0.00,180.3,43,3.49
2340,fill1,0,0.00,180.0,43,3.50
2340,fill1,1,0.00,181.6,43,3.50
2340,fill1,2,0.00,180.3,43,3.51
2340,fill1,3,0.00,181.6,43,3.50
2340,fill1,4,0.00,180.3,43,3.51
2340,fill1,5,0.00,181.3,43,3.50
2340,fill1,6,0.00,179.7,43,3.49
2340,fill1,7,0.00,182.3,43,3.52
2340,fill1,8,0.00,179.7,43,3.49
2340,fill1,9,0.00,181.6,43,3.50
2340,fill1,10,0.00,180.0,43,3.50
2340,fill1,11,0.00,182.0,43,3.51
2340,fill1,12,0.00,179.7,43,3.49
2340,fill1,13,0.00,181.6,43,3.50
2340,fill1,14,0.00,179.7,43,3.49
2340,fill1,15,0.00,181.3,43,3.50
2340,fill1,16,0.00,179.7,43,3.49
3120,fill0,0,0.00,179.1,33,3.49
3120,fill0,1,0.00,179.4,33,3.49
3120,fill0,2,0.00,179.1,33,3.49
3120,fill0,3,0.00,180.0,33,3.50
3120,fill0,4,0.00,178.8,33,3.48
3120,fill0,5,0.00,179.1,33,3.48
3120,fill0,6,0.00,179.4,33,3.49
3120,fill0,7,0.00,179.1,33,3.48
3120,fill0,8,0.00,179.4,33,3.49
3120,fill0,9,0.00,179.4,33,3.49
3120,fill0,10,0.00,179.1,33,3.49
3120,fill0,11,0.00,179.4,33,3.49
3120,fill0,12,0.00,179.4,33,3.49
3120,fill0,13,0.00,179.4,33,3.49
3120,fill0,14,0.00,179.4,33,3.49
3120,fill0,15,0.00,179.4,33,3.49
3120,fill0,16,0.00,179.4,33,3.49
3120,fill1,0,0.00,180.6,33,3.51
3120,fill1,1,0.00,178.1,33,3.49
3120,fill1,2,0.00,180.3,33,3.51
3120,fill1,3,0.00,178.8,33,3.51
3120,fill1,4,0.00,180.3,33,3.51
3120,fill1,5,0.00,178.1,33,3.49
3120,fill1,6,0.00,180.3,33,3.51
3120,fill1,7,0.00,178.1,33,3.49
3120,fill1,8,0.00,180.3,33,3.51
3120,fill1,9,0.00,177.8,33,3.49
3120,fill1,10,0.00,180.3,33,3.51
3120,fill1,11,0.00,178.1,33,3.49
3120,fill1,12,0.00,180.0,33,3.50
3120,fill1,13,0.00,178.4,33,3.50
3120,fill1,14,0.00,180.0,33,3.50
3120,fill1,15,0.00,178.1,33,3.49
3120,fill1,16,0.00,179.4,33,3.49
4160,fill0,0,0.00,183.4,25,3.50
4160,fill0,1,0.00,182.5,25,3.48
4160,fill0,2,0.00,183.4,25,3.49
4160,fill0,3,0.00,183.4,25,3.49
4160,fill0,4,0.00,183.1,25,3.49
4160,fill0,5,0.00,183.1,25,3.49
4160,fill0,6,0.00,183.4,25,3.49
4160,fill0,7,0.00,183.4,25,3.49
4160,fill0,8,0.00,183.4,25,3.49
4160,fill0,9,0.00,183.1,25,3.49
4160,fill0,10,0.00,183.4,25,3.49
4160,fill0,11,0.00,183.7,25,3.50
4160,fill0,12,0.00,183.1,25,3.49
4160,fill0,13,0.00,183.7,25,3.50
4160,fill0,14,0.00,182.8,25,3.49
4160,fill0,15,0.00,184.4,25,3.51
4160,fill0,16,0.00,183.1,25,3.49
4160,fill1,0,0.00,183.7,25,3.51
4160,fill1,1,0.00,183.4,25,3.50
4160,fill1,2,0.00,183.4,25,3.50
4160,fill1,3,0.00,183.7,25,3.50
4160,fill1,4,0.00,183.1,25,3.50
4160,fill1,5,0.00,183.7,25,3.50
4160,fill1,6,0.00,183.4,25,3.50
4160,fill1,7,0.00,183.1,25,3.50
4160,fill1,8,0.00,183.1,25,3.50
4160,fill1,9,0.00,183.7,25,3.50
4160,fill1,10,0.00,183.1,25,3.49
4160,fill1,11,0.00,183.7,25,3.50
4160,fill1,12,0.00,187.4,25,3.50
4160,fill1,13,0.00,186.7,25,3.49
4160,fill1,14,0.00,185.7,25,3.49
4160,fill1,15,0.00,188.4,25,3.49
4160,fill1,16,0.00,186.4,25,3.49
5548,fill0,0,0.00,148.3,19,3.49
5548,fill0,1,0.00,148.3,19,3.50
5548,fill0,2,0.00,148.1,19,3.48
5548,fill0,3,0.00,147.8,19,3.49
5548,fill0,4,0.00,147.6,19,3.50
5548,fill0,5,0.00,148.1,19,3.49
5548,fill0,6,0.00,148.7,19,3.50
5548,fill0,7,0.00,148.3,19,3.50
5548,fill0,8,0.00,148.3,19,3.49
5548,fill0,9,0.00,148.3,19,3.50
5548,fill0,10,0.00,148.5,19,3.50
5548,fill0,11,0.00,148.1,19,3.49
5548,fill0,12,0.00,148.7,19,3.50
5548,fill0,13,0.00,148.5,19,3.50
5548,fill0,14,0.00,148.7,19,3.50
5548,fill0,15,0.00,148.3,19,3.50
5548,fill0,16,0.00,148.7,19,3.50
5548,fill1,0,0.00,146.2,19,3.50
5548,fill1,1,0.00,148.7,19,3.49
5548,fill1,2,0.00,142.6,19,3.49
5548,fill1,3,0.00,147.2,19,3.49
5548,fill1,4,0.00,147.4,19,3.49
5548,fill1,5,0.00,147.0,19,3.49
5548,fill1,6,0.00,147.4,19,3.49
5548,fill1,7,0.00,147.0,19,3.49
5548,fill1,8,0.00,146.2,19,3.49
5548,fill1,9,0.00,147.2,19,3.49
5548,fill1,10,0.00,146.8,19,3.48
5548,fill1,11,0.00,146.8,19,3.49
5548,fill1,12,0.00,147.2,19,3.49
5548,fill1,13,0.00,147.0,19,3.49
5548,fill1,14,0.00,146.4,19,3.49
5548,fill1,15,0.00,146.8,19,3.49
5548,fill1,16,0.00,147.2,19,3.49
7396,fill0,0,0.00,156.4,14,3.50
7396,fill0,1,0.00,156.2,14,3.49
7396,fill0,2,0.00,156.6,14,3.50
7396,fill0,3,0.00,155.7,14,3.51
7396,fill0,4,0.00,156.2,14,3.50
7396,fill0,5,0.00,155.2,14,3.50
7396,fill0,6,0.00,156.4,14,3.50
7396,fill0,7,0.00,156.2,14,3.50
7396,fill0,8,0.00,156.6,14,3.50
7396,fill0,9,0.00,155.0,14,3.50
7396,fill0,10,0.00,156.4,14,3.50
7396,fill0,11,0.00,155.0,14,3.50
7396,fill0,12,0.00,156.2,14,3.50
7396,fill0,13,0.00,155.9,14,3.49
7396,fill0,14,0.00,156.4,14,3.50
7396,fill0,15,0.00,155.0,14,3.50
7396,fill0,16,0.00,156.4,14,3.50
7396,fill1,0,0.00,157.1,14,3.49
7396,fill1,1,0.00,157.6,14,3.49
7396,fill1,2,0.00,155.7,14,3.49
7396,fill1,3,0.00,156.6,14,3.49
7396,fill1,4,0.00,155.7,14,3.49
7396,fill1,5,0.00,157.1,14,3.49
7396,fill1,6,0.00,157.1,14,3.49
7396,fill1,7,0.00,157.8,14,3.50
7396,fill1,8,0.00,155.7,14,3.49
7396,fill1,9,0.00,157.6,14,3.50
7396,fill1,10,0.00,155.7,14,3.49
7396,fill1,11,0.00,157.1,14,3.50
7396,fill1,12,0.00,157.1,14,3.50
7396,fill1,13,0.00,157.6,14,3.49
7396,fill1,14,0.00,156.4,14,3.50
7396,fill1,15,0.00,157.1,14,3.49
7396,fill1,16,0.00,156.2,14,3.50
9864,fill0,0,0.00,167.4,11,3.49
9864,fill0,1,0.00,166.4,11,3.50
9864,fill0,2,0.00,167.4,11,3.49
9864,fill0,3,0.00,168.2,11,3.51
9864,fill0,4,0.00,168.2,11,3.50
9864,fill0,5,0.00,165.7,11,3.49
9864,fill0,6,0.00,167.7,11,3.49
9864,fill0,7,0.00,166.4,11,3.49
9864,fill0,8,0.00,167.4,11,3.49
9864,fill0,9,0.00,167.2,11,3.49
9864,fill0,10,0.00,168.0,11,3.49
9864,fill0,11,0.00,166.4,11,3.50
9864,fill0,12,0.00,167.2,11,3.49
9864,fill0,13,0.00,165.9,11,3.49
9864,fill0,14,0.00,167.2,11,3.48
9864,fill0,15,0.00,167.4,11,3.49
9864,fill0,16,0.00,167.4,11,3.48
9864,fill1,0,0.00,167.4,11,3.49
9864,fill1,1,0.00,168.7,11,3.51
9864,fill1,2,0.00,166.7,11,3.50
9864,fill1,3,0.00,167.2,11,3.49
9864,fill1,4,0.00,166.7,11,3.50
9864,fill1,5,0.00,167.4,11,3.49
9864,fill1,6,0.00,168.2,11,3.51
9864,fill1,7,0.00,168.5,11,3.50
9864,fill1,8,0.00,166.7,11,3.50
9864,fill1,9,0.00,167.7,11,3.50
9864,fill1,10,0.00,166.7,11,3.50
9864,fill1,11,0.00,167.7,11,3.50
9864,fill1,12,0.00,168.0,11,3.50
9864,fill1,13,0.00,168.2,11,3.50
9864,fill1,14,0.00,166.7,11,3.50
9864,fill1,15,0.00,167.7,11,3.49
9864,fill1,16,0.00,166.4,11,3.50
13152,fill0,0,0.00,176.2,8,3.49
13152,fill0,1,0.00,174.2,8,3.49
13152,fill0,2,0.00,174.2,8,3.49
13152,fill0,3,0.00,176.2,8,3.49
13152,fill0,4,0.00,174.2,8,3.49
13152,fill0,5,0.00,174.8,8,3.50
13152,fill0,6,0.00,175.4,8,3.48
13152,fill0,7,0.00,174.8,8,3.50
13152,fill0,8,0.00,174.2,8,3.49
13152,fill0,9,0.00,175.9,8,3.49
13152,fill0,10,0.00,174.8,8,3.50
13152,fill0,11,0.00,174.2,8,3.49
13152,fill0,12,0.00,176.5,8,3.50
13152,fill0,13,0.00,174.5,8,3.49
13152,fill0,14,0.00,174.2,8,3.49
13152,fill0,15,0.00,176.2,8,3.49
13152,fill0,16,0.00,174.8,8,3.50
13152,fill1,0,0.00,176.5,8,3.50
13152,fill1,1,0.00,174.8,8,3.50
13152,fill1,2,0.00,175.1,8,3.50
13152,fill1,3,0.00,176.5,8,3.50
13152,fill1,4,0.00,175.1,8,3.51
13152,fill1,5,0.00,174.8,8,3.50
13152,fill1,6,0.00,176.5,8,3.50
13152,fill1,7,0.00,174.8,8,3.50
13152,fill1,8,0.00,175.1,8,3.51
13152,fill1,9,0.00,176.5,8,3.50
13152,fill1,10,0.00,174.8,8,3.50
13152,fill1,11,0.00,174.8,8,3.50
13152,fill1,12,0.00,176.5,8,3.50
13152,fill1,13,0.00,174.8,8,3.50
13152,fill1,14,0.00,174.2,8,3.49
13152,fill1,15,0.00,176.5,8,3.50
13152,fill1,16,0.00,174.8,8,3.50
17536,fill0,0,0.00,181.4,6,3.49
17536,fill0,1,0.00,181.1,6,3.49
17536,fill0,2,0.00,180.8,6,3.48
17536,fill0,3,0.00,181.7,6,3.50
17536,fill0,4,0.00,181.1,6,3.49
17536,fill0,5,0.00,181.4,6,3.49
17536,fill0,6,0.00,181.7,6,3.50
17536,fill0,7,0.00,181.4,6,3.49
17536,fill0,8,0.00,181.7,6,3.50
17536,fill0,9,0.00,181.7,6,3.49
17536,fill0,10,0.00,181.7,6,3.49
17536,fill0,11,0.00,181.4,6,3.49
17536,fill0,12,0.00,181.7,6,3.49
17536,fill0,13,0.00,181.7,6,3.49
17536,fill0,14,0.00,182.0,6,3.50
17536,fill0,15,0.00,181.4,6,3.49
17536,fill0,16,0.00,182.0,6,3.50
17536,fill1,0,0.00,182.0,6,3.50
17536,fill1,1,0.00,182.0,6,3.50
17536,fill1,2,0.00,182.0,6,3.50
17536,fill1,3,0.00,182.0,6,3.50
17536,fill1,4,0.00,182.0,6,3.50
17536,fill1,5,0.00,181.7,6,3.50
17536,fill1,6,0.00,182.0,6,3.50
17536,fill1,7,0.00,182.0,6,3.50
17536,fill1,8,0.00,181.4,6,3.49
17536,fill1,9,0.00,181.7,6,3.50
17536,fill1,10,0.00,182.0,6,3.50
17536,fill1,11,0.00,181.7,6,3.50
17536,fill1,12,0.00,181.4,6,3.49
17536,fill1,13,0.00,182.0,6,3.50
17536,fill1,14,0.00,181.7,6,3.49
17536,fill1,15,0.00,181.7,6,3.50
17536,fill1,16,0.00,181.4,6,3.49
23380,fill0,0,0.00,187.0,5,3.49
23380,fill0,1,0.00,186.7,5,3.49
23380,fill0,2,0.00,187.6,5,3.50
23380,fill0,3,0.00,187.0,5,3.49
23380,fill0,4,0.00,186.7,5,3.49
23380,fill0,5,0.00,187.0,5,3.49
23380,fill0,6,0.00,187.0,5,3.49
23380,fill0,7,0.00,187.0,5,3.49
23380,fill0,8,0.00,187.6,5,3.50
23380,fill0,9,0.00,187.0,5,3.49
23380,fill0,10,0.00,185.6,5,3.49
23380,fill0,11,0.00,187.6,5,3.50
23380,fill0,12,0.00,186.7,5,3.49
23380,fill0,13,0.00,187.6,5,3.50
23380,fill0,14,0.00,187.0,5,3.49
23380,fill0,15,0.00,187.9,5,3.50
23380,fill0,16,0.00,187.6,5,3.50
23380,fill1,0,0.00,187.6,5,3.50
23380,fill1,1,0.00,187.0,5,3.49
23380,fill1,2,0.00,187.0,5,3.48
23380,fill1,3,0.00,187.6,5,3.50
23380,fill1,4,0.00,187.6,5,3.50
23380,fill1,5,0.00,186.7,5,3.49
23380,fill1,6,0.00,187.6,5,3.50
23380,fill1,7,0.00,187.0,5,3.49
23380,fill1,8,0.00,187.0,5,3.49
23380,fill1,9,0.00,186.7,5,3.49
23380,fill1,10,0.00,187.6,5,3.50
23380,fill1,11,0.00,187.0,5,3.49
23380,fill1,12,0.00,187.0,5,3.49
23380,fill1,13,0.00,186.4,5,3.48
23380,fill1,14,0.00,187.6,5,3.50
23380,fill1,15,0.00,186.7,5,3.49
23380,fill1,16,0.00,187.0,5,3.49
31172,fill0,0,0.00,191.5,4,3.49
31172,fill0,1,0.00,192.1,4,3.50
31172,fill0,2,0.00,191.5,4,3.49
31172,fill0,3,0.00,191.5,4,3.49
31172,fill0,4,0.00,192.1,4,3.50
31172,fill0,5,0.00,191.5,4,3.49
31172,fill0,6,0.00,191.5,4,3.49
31172,fill0,7,0.00,192.1,4,3.50
31172,fill0,8,0.00,192.1,4,3.50
31172,fill0,9,0.00,192.1,4,3.50
31172,fill0,10,0.00,192.1,4,3.50
31172,fill0,11,0.00,192.1,4,3.50
31172,fill0,12,0.00,191.5,4,3.49
31172,fill0,13,0.00,192.1,4,3.50
31172,fill0,14,0.00,192.1,4,3.50
31172,fill0,15,0.00,192.1,4,3.50
31172,fill0,16,0.00,191.5,4,3.49
31172,fill1,0,0.00,191.2,4,3.50
31172,fill1,1,0.00,190.9,4,3.49
31172,fill1,2,0.00,190.9,4,3.49
31172,fill1,3,0.00,191.2,4,3.49
31172,fill1,4,0.00,190.9,4,3.49
31172,fill1,5,0.00,190.7,4,3.48
31172,fill1,6,0.00,190.4,4,3.48
31172,fill1,7,0.00,190.9,4,3.49
31172,fill1,8,0.00,190.9,4,3.49
31172,fill1,9,0.00,190.4,4,3.48
31172,fill1,10,0.00,191.2,4,3.50
31172,fill1,11,0.00,190.9,4,3.49
31172,fill1,12,0.00,190.4,4,3.48
31172,fill1,13,0.00,191.2,4,3.50
31172,fill1,14,0.00,190.9,4,3.49
31172,fill1,15,0.00,190.9,4,3.49
31172,fill1,16,0.00,190.9,4,3.49
41564,fill0,0,0.00,193.9,3,3.49
41564,fill0,1,0.00,193.9,3,3.50
41564,fill0,2,0.00,194.5,3,3.50
41564,fill0,3,0.00,180.2,3,3.50
41564,fill0,4,0.00,178.4,3,3.50
41564,fill0,5,0.00,180.5,3,3.50
41564,fill0,6,0.00,193.9,3,3.49
41564,fill0,7,0.00,194.2,3,3.50
41564,fill0,8,0.00,193.6,3,3.49
41564,fill0,9,0.00,194.5,3,3.51
41564,fill0,10,0.00,193.9,3,3.49
41564,fill0,11,0.00,193.3,3,3.49
41564,fill0,12,0.00,193.9,3,3.50
41564,fill0,13,0.00,193.6,3,3.49
41564,fill0,14,0.00,193.9,3,3.49
41564,fill0,15,0.00,193.6,3,3.49
41564,fill0,16,0.00,193.6,3,3.49
41564,fill1,0,0.00,193.6,3,3.49
41564,fill1,1,0.00,193.6,3,3.50
41564,fill1,2,0.00,193.3,3,3.49
41564,fill1,3,0.00,180.5,3,3.50
41564,fill1,4,0.00,178.9,3,3.49
41564,fill1,5,0.00,179.9,3,3.50
41564,fill1,6,0.00,193.9,3,3.50
41564,fill1,7,0.00,193.6,3,3.49
41564,fill1,8,0.00,193.6,3,3.49
41564,fill1,9,0.00,193.6,3,3.50
41564,fill1,10,0.00,194.2,3,3.50
41564,fill1,11,0.00,193.6,3,3.49
41564,fill1,12,0.00,193.9,3,3.50
41564,fill1,13,0.00,193.6,3,3.50
41564,fill1,14,0.00,193.9,3,3.50
41564,fill1,15,0.00,194.5,3,3.51
41564,fill1,16,0.00,193.6,3,3.49
55420,fill0,0,0.00,63.7,2,3.49
55420,fill0,1,0.00,61.5,2,3.49
55420,fill0,2,0.00,59.9,2,3.49
55420,fill0,3,0.00,59.2,2,3.49
55420,fill0,4,0.00,62.6,2,3.50
55420,fill0,5,0.00,60.3,2,3.50
55420,fill0,6,0.00,63.3,2,3.50
55420,fill0,7,0.00,58.9,2,3.50
55420,fill0,8,0.00,56.3,2,3.50
55420,fill0,9,0.00,59.8,2,3.45
55420,fill0,10,0.00,60.3,2,3.54
55420,fill0,11,0.00,56.6,2,3.49
55420,fill0,12,0.00,54.5,2,3.49
55420,fill0,13,0.00,63.5,2,3.49
55420,fill0,14,0.00,65.7,2,3.49
55420,fill0,15,0.00,64.1,2,3.49
55420,fill0,16,0.00,63.3,2,3.48
55420,fill1,0,0.00,65.5,2,3.49
55420,fill1,1,0.00,59.0,2,3.49
55420,fill1,2,0.00,59.6,2,3.49
55420,fill1,3,0.00,58.3,2,3.49
55420,fill1,4,0.00,62.9,2,3.49
55420,fill1,5,0.00,61.5,2,3.48
55420,fill1,6,0.00,56.3,2,3.49
55420,fill1,7,0.00,60.3,2,3.49
55420,fill1,8,0.00,63.2,2,3.49
55420,fill1,9,0.00,59.6,2,3.50
55420,fill1,10,0.00,58.4,2,3.50
55420,fill1,11,0.00,61.2,2,3.50
55420,fill1,12,0.00,63.9,2,3.50
55420,fill1,13,0.00,57.1,2,3.50
55420,fill1,14,0.00,61.2,2,3.50
55420,fill1,15,0.00,63.2,2,3.50
55420,fill1,16,0.00,59.1,2,3.49
73892,fill0,0,0.00,63.0,2,3.49
73892,fill0,1,0.00,65.8,2,3.46
73892,fill0,2,0.00,58.4,2,3.52
73892,fill0,3,0.00,63.2,2,3.49
73892,fill0,4,0.00,55.6,2,3.49
73892,fill0,5,0.00,62.8,2,3.49
73892,fill0,6,0.00,57.0,2,3.49
73892,fill0,7,0.00,66.1,2,3.49
73892,fill0,8,0.00,60.8,2,3.50
73892,fill0,9,0.00,56.8,2,3.50
73892,fill0,10,0.00,65.4,2,3.50
73892,fill0,11,0.00,59.7,2,3.50
73892,fill0,12,0.00,58.4,2,3.50
73892,fill0,13,0.00,60.2,2,3.50
73892,fill0,14,0.00,62.4,2,3.49
73892,fill0,15,0.00,68.8,2,3.49
73892,fill0,16,0.00,62.2,2,3.49
73892,fill1,0,0.00,63.5,2,3.49
73892,fill1,1,0.00,57.4,2,3.49
73892,fill1,2,0.00,60.1,2,3.49
73892,fill1,3,0.00,60.4,2,3.49
73892,fill1,4,0.00,61.9,2,3.49
73892,fill1,5,0.00,64.8,2,3.49
73892,fill1,6,0.00,62.0,2,3.49
73892,fill1,7,0.00,61.9,2,3.50
73892,fill1,8,0.00,61.9,2,3.50
73892,fill1,9,0.00,57.3,2,3.50
73892,fill1,10,0.00,61.1,2,3.50
73892,fill1,11,0.00,61.2,2,3.50
73892,fill1,12,0.00,65.1,2,3.49
73892,fill1,13,0.00,66.6,2,3.49
73892,fill1,14,0.00,56.2,2,3.49
73892,fill1,15,0.00,62.6,2,3.49
73892,fill1,16,0.00,61.1,2,3.49
98524,fill0,0,0.00,64.2,2,3.49
98524,fill0,1,0.00,66.1,2,3.49
98524,fill0,2,0.00,68.1,2,3.50
98524,fill0,3,0.00,66.7,2,3.50
98524,fill0,4,0.00,61.0,2,3.50
98524,fill0,5,0.00,61.5,2,3.49
98524,fill0,6,0.00,60.8,2,3.49
98524,fill0,7,0.00,61.9,2,3.49
98524,fill0,8,0.00,60.6,2,3.49
98524,fill0,9,0.00,65.0,2,3.49
98524,fill0,10,0.00,59.6,2,3.49
98524,fill0,11,0.00,64.3,2,3.47
98524,fill0,12,0.00,68.4,2,3.53
98524,fill0,13,0.00,64.8,2,3.50
98524,fill0,14,0.00,57.1,2,3.50
98524,fill0,15,0.00,68.5,2,3.49
98524,fill0,16,0.00,65.7,2,3.49
98524,fill1,0,0.00,65.1,2,3.49
98524,fill1,1,0.00,66.6,2,3.49
98524,fill1,2,0.00,65.6,2,3.49
98524,fill1,3,0.00,66.4,2,3.49
98524,fill1,4,0.00,63.2,2,3.49
98524,fill1,5,0.00,55.3,2,3.50
98524,fill1,6,0.00,65.4,2,3.50
98524,fill1,7,0.00,66.3,2,3.50
98524,fill1,8,0.00,64.7,2,3.49
98524,fill1,9,0.00,62.3,2,3.49
98524,fill1,10,0.00,63.9,2,3.49
98524,fill1,11,0.00,59.8,2,3.49
98524,fill1,12,0.00,60.8,2,3.49
98524,fill1,13,0.00,63.6,2,3.49
98524,fill1,14,0.00,59.5,2,3.50
98524,fill1,15,0.00,63.7,2,3.50
98524,fill1,16,0.00,66.0,2,3.50
131364,fill0,0,0.00,65.6,2,3.49
131364,fill0,1,0.00,70.4,2,3.49
131364,fill0,2,0.00,67.4,2,3.49
131364,fill0,3,0.00,60.9,2,3.50
131364,fill0,4,0.00,58.9,2,3.50
131364,fill0,5,0.00,68.3,2,3.50
131364,fill0,6,0.00,66.4,2,3.49
131364,fill0,7,0.00,68.4,2,3.49
131364,fill0,8,0.00,63.9,2,3.48
131364,fill0,9,0.00,57.2,2,3.49
131364,fill0,10,0.00,63.3,2,3.49
131364,fill0,11,0.00,67.5,2,3.50
131364,fill0,12,0.00,59.0,2,3.50
131364,fill0,13,0.00,60.2,2,3.49
131364,fill0,14,0.00,62.7,2,3.49
131364,fill0,15,0.00,69.5,2,3.48
131364,fill0,16,0.00,64.9,2,3.49
131364,fill1,0,0.00,66.9,2,3.50
131364,fill1,1,0.00,60.7,2,3.49
131364,fill1,2,0.00,63.0,2,3.49
131364,fill1,3,0.00,64.7,2,3.49
131364,fill1,4,0.00,65.3,2,3.49
131364,fill1,5,0.00,69.2,2,3.49
131364,fill1,6,0.00,62.9,2,3.50
131364,fill1,7,0.00,67.2,2,3.50
131364,fill1,8,0.00,61.8,2,3.50
131364,fill1,9,0.00,63.6,2,3.49
131364,fill1,10,0.00,62.0,2,3.49
131364,fill1,11,0.00,65.4,2,3.49
131364,fill1,12,0.00,67.0,2,3.49
131364,fill1,13,0.00,63.6,2,3.49
131364,fill1,14,0.00,61.3,2,3.50
131364,fill1,15,0.00,65.8,2,3.50
131364,fill1,16,0.00,67.8,2,3.50
175152,fill0,0,0.00,63.4,2,3.51
175152,fill0,1,0.00,63.8,2,3.49
175152,fill0,2,0.00,64.3,2,3.49
175152,fill0,3,0.00,70.3,2,3.49
175152,fill0,4,0.00,67.0,2,3.49
175152,fill0,5,0.00,70.3,2,3.50
175152,fill0,6,0.00,65.7,2,3.50
175152,fill0,7,0.00,70.6,2,3.49
175152,fill0,8,0.00,66.8,2,3.49
175152,fill0,9,0.00,68.7,2,3.49
175152,fill0,10,0.00,61.9,2,3.49
175152,fill0,11,0.00,66.0,2,3.50
175152,fill0,12,0.00,69.6,2,3.50
175152,fill0,13,0.00,70.9,2,3.49
175152,fill0,14,0.00,61.0,2,3.49
175152,fill0,15,0.00,70.6,2,3.49
175152,fill0,16,0.00,67.6,2,3.49
175152,fill1,0,0.00,65.2,2,3.51
175152,fill1,1,0.00,69.0,2,3.50
175152,fill1,2,0.00,70.6,2,3.49
175152,fill1,3,0.00,70.3,2,3.49
175152,fill1,4,0.00,63.0,2,3.49
175152,fill1,5,0.00,67.6,2,3.49
175152,fill1,6,0.00,66.2,2,3.50
175152,fill1,7,0.00,68.7,2,3.50
175152,fill1,8,0.00,63.4,2,3.50
175152,fill1,9,0.00,65.3,2,3.49
175152,fill1,10,0.00,64.2,2,3.49
175152,fill1,11,0.00,66.7,2,3.49
175152,fill1,12,0.00,65.1,2,3.50
175152,fill1,13,0.00,68.6,2,3.50
175152,fill1,14,0.00,67.3,2,3.49
175152,fill1,15,0.00,68.5,2,3.49
175152,fill1,16,0.00,64.1,2,3.49
233536,fill0,0,0.00,66.7,2,3.50
233536,fill0,1,0.00,70.6,2,3.49
233536,fill0,2,0.00,70.2,2,3.49
233536,fill0,3,0.00,70.7,2,3.49
233536,fill0,4,0.00,70.7,2,3.50
233536,fill0,5,0.00,68.8,2,3.50
233536,fill0,6,0.00,70.3,2,3.49
233536,fill0,7,0.00,68.6,2,3.49
233536,fill0,8,0.00,71.7,2,3.49
233536,fill0,9,0.00,70.4,2,3.50
233536,fill0,10,0.00,71.3,2,3.49
233536,fill0,11,0.00,70.4,2,3.49
233536,fill0,12,0.00,67.6,2,3.49
233536,fill0,13,0.00,69.0,2,3.49
233536,fill0,14,0.00,71.6,2,3.50
233536,fill0,15,0.00,68.5,2,3.49
233536,fill0,16,0.00,69.0,2,3.49
233536,fill1,0,0.00,67.0,2,3.50
233536,fill1,1,0.00,64.2,2,3.49
233536,fill1,2,0.00,67.0,2,3.49
233536,fill1,3,0.00,66.3,2,3.49
233536,fill1,4,0.00,67.6,2,3.50
233536,fill1,5,0.00,63.5,2,3.49
233536,fill1,6,0.00,66.1,2,3.49
233536,fill1,7,0.00,64.1,2,3.49
233536,fill1,8,0.00,62.0,2,3.50
233536,fill1,9,0.00,62.7,2,3.50
233536,fill1,10,0.00,66.7,2,3.49
233536,fill1,11,0.00,58.9,2,3.49
233536,fill1,12,0.00,67.8,2,3.49
233536,fill1,13,0.00,64.7,2,3.50
233536,fill1,14,0.00,67.6,2,3.49
233536,fill1,15,0.00,65.0,2,3.49
233536,fill1,16,0.00,66.9,2,3.49
311380,fill0,0,0.00,70.2,2,3.50
311380,fill0,1,0.00,69.0,2,3.49
311380,fill0,2,0.00,68.0,2,3.49
311380,fill0,3,0.00,71.8,2,3.50
311380,fill0,4,0.00,66.1,2,3.49
311380,fill0,5,0.00,70.8,2,3.49
311380,fill0,6,0.00,70.2,2,3.49
311380,fill0,7,0.00,69.9,2,3.50
311380,fill0,8,0.00,70.4,2,3.49
311380,fill0,9,0.00,67.3,2,3.49
311380,fill0,10,0.00,68.8,2,3.50
311380,fill0,11,0.00,70.3,2,3.49
311380,fill0,12,0.00,69.4,2,3.49
311380,fill0,13,0.00,69.3,2,3.49
311380,fill0,14,0.00,69.6,2,3.50
311380,fill0,15,0.00,69.2,2,3.49
311380,fill0,16,0.00,69.9,2,3.49
311380,fill1,0,0.00,66.0,2,3.50
311380,fill1,1,0.00,67.3,2,3.49
311380,fill1,2,0.01,61.5,2,3.49
311380,fill1,3,0.00,68.6,2,3.50
311380,fill1,4,0.00,64.0,2,3.49
311380,fill1,5,0.00,68.3,2,3.49
311380,fill1,6,0.00,63.9,2,3.50
311380,fill1,7,0.00,68.3,2,3.49
311380,fill1,8,0.00,65.2,2,3.49
311380,fill1,9,0.00,68.4,2,3.49
311380,fill1,10,0.00,67.9,2,3.50
311380,fill1,11,0.00,67.5,2,3.49
311380,fill1,12,0.00,65.3,2,3.49
311380,fill1,13,0.00,68.4,2,3.50
311380,fill1,14,0.00,66.4,2,3.49
311380,fill1,15,0.00,68.3,2,3.49
311380,fill1,16,0.00,67.7,2,3.50
415176,fill0,0,0.01,71.9,2,3.49
415176,fill0,1,0.01,68.0,2,3.49
415176,fill0,2,0.01,70.4,2,3.50
415176,fill0,3,0.01,69.7,2,3.49
415176,fill0,4,0.01,71.7,2,3.50
415176,fill0,5,0.01,70.6,2,3.49
415176,fill0,6,0.01,72.0,2,3.49
415176,fill0,7,0.01,66.9,2,3.50
415176,fill0,8,0.01,71.5,2,3.49
415176,fill0,9,0.01,72.1,2,3.49
415176,fill0,10,0.01,70.7,2,3.50
415176,fill0,11,0.01,71.8,2,3.49
415176,fill0,12,0.01,70.4,2,3.49
415176,fill0,13,0.01,71.8,2,3.49
415176,fill0,14,0.01,71.5,2,3.49
415176,fill0,15,0.01,70.7,2,3.50
415176,fill0,16,0.01,72.0,2,3.49
415176,fill1,0,0.01,59.3,2,3.50
415176,fill1,1,0.01,59.8,2,3.49
415176,fill1,2,0.01,63.5,2,3.50
415176,fill1,3,0.01,64.4,2,3.49
415176,fill1,4,0.01,62.9,2,3.49
415176,fill1,5,0.01,64.4,2,3.49
415176,fill1,6,0.01,63.1,2,3.49
415176,fill1,7,0.01,60.1,2,3.50
415176,fill1,8,0.01,61.4,2,3.49
415176,fill1,9,0.01,64.6,2,3.50
415176,fill1,10,0.01,62.9,2,3.49
415176,fill1,11,0.01,61.9,2,3.49
415176,fill1,12,0.01,61.5,2,3.50
415176,fill1,13,0.01,63.6,2,3.49
415176,fill1,14,0.01,63.1,2,3.50
415176,fill1,15,0.01,62.9,2,3.49
415176,fill1,16,0.01,61.1,2,3.49
553568,fill0,0,0.01,70.3,2,3.49
553568,fill0,1,0.01,70.5,2,3.49
553568,fill0,2,0.01,70.1,2,3.49
553568,fill0,3,0.01,69.5,2,3.49
553568,fill0,4,0.01,67.1,2,3.49
553568,fill0,5,0.01,68.2,2,3.49
553568,fill0,6,0.01,70.4,2,3.50
553568,fill0,7,0.01,70.1,2,3.49
553568,fill0,8,0.01,71.0,2,3.50
553568,fill0,9,0.01,69.9,2,3.49
553568,fill0,10,0.01,68.7,2,3.50
553568,fill0,11,0.01,70.3,2,3.49
553568,fill0,12,0.01,70.8,2,3.50
553568,fill0,13,0.01,71.7,2,3.49
553568,fill0,14,0.01,71.4,2,3.49
553568,fill0,15,0.01,71.8,2,3.49
553568,fill0,16,0.01,71.5,2,3.49
553568,fill1,0,0.01,54.6,2,3.49
553568,fill1,1,0.01,55.4,2,3.49
553568,fill1,2,0.01,54.4,2,3.49
553568,fill1,3,0.01,55.1,2,3.49
553568,fill1,4,0.01,55.8,2,3.49
553568,fill1,5,0.01,54.6,2,3.49
553568,fill1,6,0.01,54.8,2,3.49
553568,fill1,7,0.01,55.1,2,3.49
553568,fill1,8,0.01,54.3,2,3.49
553568,fill1,9,0.01,54.3,2,3.50
553568,fill1,10,0.01,53.4,2,3.49
553568,fill1,11,0.01,55.1,2,3.49
553568,fill1,12,0.01,54.5,2,3.49
553568,fill1,13,0.01,54.7,2,3.49
553568,fill1,14,0.01,54.2,2,3.49
553568,fill1,15,0.01,55.5,2,3.49
553568,fill1,16,0.01,54.3,2,3.49
738088,fill0,0,0.01,49.3,2,3.29
738088,fill0,1,0.01,58.1,2,3.29
738088,fill0,2,0.03,28.7,2,1.71
738088,fill0,3,0.01,63.6,2,3.49
738088,fill0,4,0.01,63.1,2,3.49
738088,fill0,5,0.01,62.0,2,3.49
738088,fill0,6,0.01,63.3,2,3.49
738088,fill0,7,0.01,63.5,2,3.49
738088,fill0,8,0.01,63.5,2,3.49
738088,fill0,9,0.01,50.1,2,3.49
738088,fill0,10,0.01,59.6,2,3.49
738088,fill0,11,0.01,59.6,2,3.49
738088,fill0,12,0.01,49.3,2,3.49
738088,fill0,13,0.01,50.9,2,3.49
738088,fill0,14,0.01,59.2,2,3.49
738088,fill0,15,0.01,56.2,2,3.49
738088,fill0,16,0.01,59.3,2,3.49
738088,fill1,0,0.02,42.1,2,3.29
738088,fill1,1,0.02,41.5,2,3.29
738088,fill1,2,0.02,42.7,2,3.29
738088,fill1,3,0.02,43.0,2,3.29
738088,fill1,4,0.02,43.0,2,3.29
738088,fill1,5,0.02,42.2,2,3.29
738088,fill1,6,0.02,42.7,2,3.29
738088,fill1,7,0.02,42.5,2,3.29
738088,fill1,8,0.02,42.4,2,3.29
738088,fill1,9,0.02,42.2,2,3.29
738088,fill1,10,0.02,42.6,2,3.29
738088,fill1,11,0.02,41.5,2,3.29
738088,fill1,12,0.02,41.5,2,3.30
738088,fill1,13,0.02,41.8,2,3.29
738088,fill1,14,0.02,41.5,2,3.29
738088,fill1,15,0.02,43.3,2,3.29
738088,fill1,16,0.02,43.0,2,3.29
984120,fill0,0,0.02,52.7,2,3.29
984120,fill0,1,0.02,54.0,2,3.29
984120,fill0,2,0.02,53.8,2,3.29
984120,fill0,3,0.02,54.2,2,3.29
984120,fill0,4,0.02,54.0,2,3.29
984120,fill0,5,0.02,53.1,2,3.29
984120,fill0,6,0.02,54.1,2,3.29
984120,fill0,7,0.02,53.3,2,3.29
984120,fill0,8,0.02,53.4,2,3.29
984120,fill0,9,0.03,38.3,2,2.48
984120,fill0,10,0.02,55.0,2,3.49
984120,fill0,11,0.02,54.9,2,3.49
984120,fill0,12,0.02,54.8,2,3.49
984120,fill0,13,0.02,55.0,2,3.49
984120,fill0,14,0.02,55.2,2,3.49
984120,fill0,15,0.02,54.4,2,3.49
984120,fill0,16,0.02,54.9,2,3.49
984120,fill1,0,0.04,23.1,2,2.29
984120,fill1,1,0.02,41.2,2,3.49
984120,fill1,2,0.02,41.4,2,3.49
984120,fill1,3,0.02,41.2,2,3.49
984120,fill1,4,0.02,41.4,2,3.49
984120,fill1,5,0.02,41.2,2,3.49
984120,fill1,6,0.02,41.4,2,3.49
984120,fill1,7,0.02,41.5,2,3.49
984120,fill1,8,0.02,40.5,2,3.49
984120,fill1,9,0.02,39.5,2,3.49
984120,fill1,10,0.02,40.2,2,3.49
984120,fill1,11,0.03,38.3,2,3.49
984120,fill1,12,0.02,40.9,2,3.49
984120,fill1,13,0.02,40.7,2,3.49
984120,fill1,14,0.02,40.3,2,3.49
984120,fill1,15,0.02,40.7,2,3.49
984120,fill1,16,0.02,41.3,2,3.49
1312160,fill0,0,0.02,53.6,2,3.49
1312160,fill0,1,0.02,53.1,2,3.49
1312160,fill0,2,0.02,53.4,2,3.49
1312160,fill0,3,0.02,53.7,2,3.49
1312160,fill0,4,0.02,53.7,2,3.49
1312160,fill0,5,0.02,53.5,2,3.49
1312160,fill0,6,0.02,53.6,2,3.49
1312160,fill0,7,0.03,52.4,2,3.49
1312160,fill0,8,0.02,59.2,2,3.49
1312160,fill0,9,0.02,53.6,2,3.49
1312160,fill0,10,0.02,53.7,2,3.49
1312160,fill0,11,0.02,53.6,2,3.49
1312160,fill0,12,0.02,53.4,2,3.49
1312160,fill0,13,0.06,21.2,2,1.43
1312160,fill0,14,0.02,53.7,2,3.49
1312160,fill0,15,0.02,53.8,2,3.49
1312160,fill0,16,0.02,53.5,2,3.49
1312160,fill1,0,0.03,40.1,2,3.49
1312160,fill1,1,0.03,40.1,2,3.49
1312160,fill1,2,0.03,40.2,2,3.49
1312160,fill1,3,0.03,40.0,2,3.49
1312160,fill1,4,0.03,40.0,2,3.49
1312160,fill1,5,0.03,40.1,2,3.49
1312160,fill1,6,0.03,40.1,2,3.49
1312160,fill1,7,0.03,40.1,2,3.49
1312160,fill1,8,0.03,40.2,2,3.49
1312160,fill1,9,0.03,40.1,2,3.49
1312160,fill1,10,0.03,40.2,2,3.49
1312160,fill1,11,0.03,40.0,2,3.49
1312160,fill1,12,0.03,40.2,2,3.49
1312160,fill1,13,0.03,40.0,2,3.49
1312160,fill1,14,0.05,28.0,2,2.62
1312160,fill1,15,0.04,30.5,2,2.82
1312160,fill1,16,0.03,41.6,2,3.49
1749544,fill0,0,0.03,59.2,2,3.49
1749544,fill0,1,0.03,59.1,2,3.49
1749544,fill0,2,0.03,58.4,2,3.49
1749544,fill0,3,0.03,59.3,2,3.49
1749544,fill0,4,0.03,59.2,2,3.49
1749544,fill0,5,0.03,59.1,2,3.49
1749544,fill0,6,0.03,59.1,2,3.49
1749544,fill0,7,0.03,58.8,2,3.49
1749544,fill0,8,0.03,59.1,2,3.49
1749544,fill0,9,0.03,58.9,2,3.49
1749544,fill0,10,0.03,59.1,2,3.49
1749544,fill0,11,0.03,59.0,2,3.49
1749544,fill0,12,0.03,58.7,2,3.49
1749544,fill0,13,0.03,59.1,2,3.49
1749544,fill0,14,0.03,59.1,2,3.49
1749544,fill0,15,0.03,59.3,2,3.49
1749544,fill0,16,0.03,59.1,2,3.49
1749544,fill1,0,0.04,41.7,2,3.49
1749544,fill1,1,0.04,41.7,2,3.49
1749544,fill1,2,0.04,41.6,2,3.49
1749544,fill1,3,0.04,41.6,2,3.49
1749544,fill1,4,0.04,41.7,2,3.49
1749544,fill1,5,0.04,41.7,2,3.49
1749544,fill1,6,0.04,41.6,2,3.49
1749544,fill1,7,0.04,41.7,2,3.49
1749544,fill1,8,0.04,41.7,2,3.49
1749544,fill1,9,0.04,41.7,2,3.49
1749544,fill1,10,0.04,41.5,2,3.49
1749544,fill1,11,0.04,41.7,2,3.49
1749544,fill1,12,0.04,41.7,2,3.49
1749544,fill1,13,0.04,41.7,2,3.49
1749544,fill1,14,0.06,30.2,2,2.69
1749544,fill1,15,0.06,28.5,2,2.42
1749544,fill1,16,0.04,41.7,2,3.49
2332728,fill0,0,0.07,33.8,2,2.06
2332728,fill0,1,0.04,57.7,2,3.49
2332728,fill0,2,0.04,58.6,2,3.49
2332728,fill0,3,0.05,48.6,2,3.49
2332728,fill0,4,0.04,52.5,2,3.49
2332728,fill0,5,0.06,36.6,2,2.42
2332728,fill0,6,0.05,44.5,2,2.92
2332728,fill0,7,0.06,39.5,2,2.82
2332728,fill0,8,0.06,40.7,2,2.87
2332728,fill0,9,0.06,42.4,2,3.00
2332728,fill0,10,0.04,52.6,2,3.49
2332728,fill0,11,0.05,47.6,2,3.49
2332728,fill0,12,0.05,48.3,2,3.49
2332728,fill0,13,0.05,48.6,2,3.49
2332728,fill0,14,0.05,48.6,2,3.49
2332728,fill0,15,0.05,46.6,2,3.49
2332728,fill0,16,0.05,49.9,2,3.49
2332728,fill1,0,0.06,40.2,2,3.49
2332728,fill1,1,0.06,39.5,2,3.49
2332728,fill1,2,0.06,39.6,2,3.49
2332728,fill1,3,0.08,28.4,2,2.51
2332728,fill1,4,0.06,40.1,2,3.49
2332728,fill1,5,0.06,40.1,2,3.49
2332728,fill1,6,0.06,40.2,2,3.49
2332728,fill1,7,0.06,40.2,2,3.49
2332728,fill1,8,0.06,40.2,2,3.49
2332728,fill1,9,0.06,40.1,2,3.49
2332728,fill1,10,0.06,40.2,2,3.49
2332728,fill1,11,0.06,40.0,2,3.49
2332728,fill1,12,0.06,39.9,2,3.49
2332728,fill1,13,0.06,40.3,2,3.49
2332728,fill1,14,0.06,40.2,2,3.49
2332728,fill1,15,0.06,40.1,2,3.49
2332728,fill1,16,0.06,40.1,2,3.49
3110304,fill0,0,0.05,59.5,2,3.49
3110304,fill0,1,0.05,59.3,2,3.49
3110304,fill0,2,0.07,43.9,2,2.72
3110304,fill0,3,0.07,47.1,2,2.81
3110304,fill0,4,0.05,59.5,2,3.49
3110304,fill0,5,0.05,59.1,2,3.49
3110304,fill0,6,0.05,59.5,2,3.49
3110304,fill0,7,0.05,59.4,2,3.49
3110304,fill0,8,0.05,59.2,2,3.49
3110304,fill0,9,0.05,59.3,2,3.49
3110304,fill0,10,0.05,59.3,2,3.49
3110304,fill0,11,0.05,59.2,2,3.49
3110304,fill0,12,0.05,59.2,2,3.49
3110304,fill0,13,0.05,59.2,2,3.49
3110304,fill0,14,0.05,59.4,2,3.49
3110304,fill0,15,0.05,59.4,2,3.49
3110304,fill0,16,0.05,59.3,2,3.49
3110304,fill1,0,0.07,41.8,2,3.49
3110304,fill1,1,0.07,41.8,2,3.49
3110304,fill1,2,0.07,41.7,2,3.49
3110304,fill1,3,0.07,41.7,2,3.49
3110304,fill1,4,0.07,41.7,2,3.49
3110304,fill1,5,0.09,33.9,2,2.91
3110304,fill1,6,0.09,33.2,2,2.80
3110304,fill1,7,0.07,41.7,2,3.49
3110304,fill1,8,0.07,41.7,2,3.49
3110304,fill1,9,0.07,41.7,2,3.49
3110304,fill1,10,0.07,41.7,2,3.49
3110304,fill1,11,0.07,41.7,2,3.49
3110304,fill1,12,0.07,41.7,2,3.49
3110304,fill1,13,0.07,41.6,2,3.49
3110304,fill1,14,0.07,41.7,2,3.49
3110304,fill1,15,0.07,41.7,2,3.49
3110304,fill1,16,0.07,41.7,2,3.49
4147072,fill0,0,0.08,55.0,2,3.49
4147072,fill0,1,0.11,38.6,2,2.64
4147072,fill0,2,0.08,52.8,2,3.49
4147072,fill0,3,0.08,53.7,2,3.49
4147072,fill0,4,0.08,54.3,2,3.49
4147072,fill0,5,0.08,54.5,2,3.49
4147072,fill0,6,0.08,54.3,2,3.49
4147072,fill0,7,0.08,54.5,2,3.49
4147072,fill0,8,0.08,54.4,2,3.49
4147072,fill0,9,0.08,54.5,2,3.49
4147072,fill0,10,0.08,54.3,2,3.49
4147072,fill0,11,0.08,54.8,2,3.49
4147072,fill0,12,0.08,55.0,2,3.49
4147072,fill0,13,0.08,54.9,2,3.49
4147072,fill0,14,0.08,54.7,2,3.49
4147072,fill0,15,0.08,52.1,2,3.49
4147072,fill0,16,0.08,50.5,2,3.49
4147072,fill1,0,0.10,40.0,2,3.49
4147072,fill1,1,0.10,39.7,2,3.49
4147072,fill1,2,0.10,39.8,2,3.49
4147072,fill1,3,0.10,39.6,2,3.49
4147072,fill1,4,0.10,39.6,2,3.49
4147072,fill1,5,0.10,40.0,2,3.49
4147072,fill1,6,0.11,39.3,2,3.49
4147072,fill1,7,0.10,39.8,2,3.49
4147072,fill1,8,0.10,40.0,2,3.49
4147072,fill1,9,0.10,39.8,2,3.49
4147072,fill1,10,0.10,39.8,2,3.49
4147072,fill1,11,0.10,39.8,2,3.49
4147072,fill1,12,0.10,39.8,2,3.49
4147072,fill1,13,0.10,39.8,2,3.49
4147072,fill1,14,0.10,40.0,2,3.49
4147072,fill1,15,0.12,34.1,2,3.08
4147072,fill1,16,0.12,34.1,2,3.06
5529428,fill0,0,0.13,41.6,2,3.49
5529428,fill0,1,0.13,41.7,2,3.49
5529428,fill0,2,0.15,36.8,2,3.17
5529428,fill0,3,0.16,34.0,2,3.10
5529428,fill0,4,0.14,40.1,2,3.49
5529428,fill0,5,0.13,41.4,2,3.49
5529428,fill0,6,0.13,41.6,2,3.49
5529428,fill0,7,0.13,41.5,2,3.49
5529428,fill0,8,0.13,41.2,2,3.49
5529428,fill0,9,0.13,41.7,2,3.49
5529428,fill0,10,0.13,41.6,2,3.49
5529428,fill0,11,0.13,41.6,2,3.49
5529428,fill0,12,0.13,41.6,2,3.49
5529428,fill0,13,0.13,41.6,2,3.49
5529428,fill0,14,0.14,40.0,2,3.49
5529428,fill0,15,0.14,40.8,2,3.49
5529428,fill0,16,0.13,41.2,2,3.49
5529428,fill1,0,0.17,32.8,2,3.49
5529428,fill1,1,0.17,32.5,2,3.49
5529428,fill1,2,0.17,32.6,2,3.49
5529428,fill1,3,0.17,33.0,2,3.49
5529428,fill1,4,0.17,32.9,2,3.49
5529428,fill1,5,0.17,33.0,2,3.49
5529428,fill1,6,0.17,32.9,2,3.49
5529428,fill1,7,0.17,32.8,2,3.49
5529428,fill1,8,0.17,33.0,2,3.49
5529428,fill1,9,0.17,33.0,2,3.49
5529428,fill1,10,0.17,32.8,2,3.49
5529428,fill1,11,0.17,32.9,2,3.49
5529428,fill1,12,0.17,32.8,2,3.49
5529428,fill1,13,0.17,32.5,2,3.49
5529428,fill1,14,0.17,32.9,2,3.49
5529428,fill1,15,0.17,33.1,2,3.49
5529428,fill1,16,0.17,32.9,2,3.49
7372572,fill0,0,0.25,29.5,2,3.49
7372572,fill0,1,0.25,29.5,2,3.49
7372572,fill0,2,0.26,28.5,2,3.49
7372572,fill0,3,0.26,28.4,2,3.49
7372572,fill0,4,0.25,29.1,2,3.49
7372572,fill0,5,0.25,29.4,2,3.49
7372572,fill0,6,0.25,29.4,2,3.49
7372572,fill0,7,0.25,29.4,2,3.49
7372572,fill0,8,0.25,29.4,2,3.49
7372572,fill0,9,0.25,29.4,2,3.49
7372572,fill0,10,0.25,29.0,2,3.49
7372572,fill0,11,0.25,29.4,2,3.49
7372572,fill0,12,0.25,29.6,2,3.49
7372572,fill0,13,0.25,29.5,2,3.49
7372572,fill0,14,0.25,29.4,2,3.49
7372572,fill0,15,0.25,29.5,2,3.49
7372572,fill0,16,0.25,29.5,2,3.49
7372572,fill1,0,0.30,24.8,2,3.49
7372572,fill1,1,0.30,24.9,2,3.49
7372572,fill1,2,0.30,25.0,2,3.49
7372572,fill1,3,0.30,25.0,2,3.49
7372572,fill1,4,0.36,20.4,2,3.18
7372572,fill1,5,0.32,23.3,2,3.49
7372572,fill1,6,0.30,24.3,2,3.49
7372572,fill1,7,0.30,24.8,2,3.49
7372572,fill1,8,0.30,24.7,2,3.49
7372572,fill1,9,0.30,24.8,2,3.49
7372572,fill1,10,0.30,24.5,2,3.49
7372572,fill1,11,0.30,24.6,2,3.49
7372572,fill1,12,0.30,24.8,2,3.49
7372572,fill1,13,0.30,24.8,2,3.49
7372572,fill1,14,0.30,24.8,2,3.49
7372572,fill1,15,0.30,24.8,2,3.49
7372572,fill1,16,0.30,24.8,2,3.49
9830096,fill0,0,0.45,21.9,2,3.49
9830096,fill0,1,0.45,21.9,2,3.49
9830096,fill0,2,0.45,21.7,2,3.49
9830096,fill0,3,0.46,21.5,2,3.49
9830096,fill0,4,0.45,21.9,2,3.49
9830096,fill0,5,0.45,21.8,2,3.49
9830096,fill0,6,0.45,21.9,2,3.49
9830096,fill0,7,0.45,21.9,2,3.49
9830096,fill0,8,0.47,20.9,2,3.49
9830096,fill0,9,0.46,21.4,2,3.49
9830096,fill0,10,0.45,21.6,2,3.49
9830096,fill0,11,0.46,21.4,2,3.49
9830096,fill0,12,0.44,22.3,2,3.49
9830096,fill0,13,0.44,22.5,2,3.49
9830096,fill0,14,0.44,22.2,2,3.49
9830096,fill0,15,0.45,21.7,2,3.49
9830096,fill0,16,0.48,20.4,2,3.30
9830096,fill1,0,0.54,18.1,2,3.49
9830096,fill1,1,0.54,18.1,2,3.49
9830096,fill1,2,0.53,18.7,2,3.49
9830096,fill1,3,0.53,18.7,2,3.49
9830096,fill1,4,0.52,18.8,2,3.49
9830096,fill1,5,0.52,19.0,2,3.49
9830096,fill1,6,0.51,19.1,2,3.49
9830096,fill1,7,0.53,18.6,2,3.49
9830096,fill1,8,0.53,18.6,2,3.49
9830096,fill1,9,0.52,19.0,2,3.49
9830096,fill1,10,0.51,19.2,2,3.49
9830096,fill1,11,0.54,18.2,2,3.49
9830096,fill1,12,0.55,18.0,2,3.49
9830096,fill1,13,0.54,18.1,2,3.49
9830096,fill1,14,0.54,18.1,2,3.49
9830096,fill1,15,0.53,18.5,2,3.49
9830096,fill1,16,0.52,19.0,2,3.49
13106792,fill0,0,0.65,20.1,2,3.49
13106792,fill0,1,0.65,20.1,2,3.49
13106792,fill0,2,0.66,20.0,2,3.49
13106792,fill0,3,0.65,20.1,2,3.49
13106792,fill0,4,0.65,20.2,2,3.49
13106792,fill0,5,0.65,20.1,2,3.49
13106792,fill0,6,0.65,20.0,2,3.49
13106792,fill0,7,0.65,20.1,2,3.49
13106792,fill0,8,0.65,20.2,2,3.49
13106792,fill0,9,0.66,20.0,2,3.49
13106792,fill0,10,0.65,20.2,2,3.49
13106792,fill0,11,0.65,20.1,2,3.49
13106792,fill0,12,0.66,19.8,2,3.49
13106792,fill0,13,0.65,20.1,2,3.49
13106792,fill0,14,0.65,20.1,2,3.49
13106792,fill0,15,0.66,20.0,2,3.49
13106792,fill0,16,0.65,20.1,2,3.49
13106792,fill1,0,0.79,16.5,2,3.49
13106792,fill1,1,0.80,16.5,2,3.49
13106792,fill1,2,0.79,16.6,2,3.49
13106792,fill1,3,0.79,16.5,2,3.49
13106792,fill1,4,0.79,16.6,2,3.49
13106792,fill1,5,0.79,16.5,2,3.49
13106792,fill1,6,0.79,16.6,2,3.49
13106792,fill1,7,0.79,16.6,2,3.49
13106792,fill1,8,0.80,16.4,2,3.49
13106792,fill1,9,0.79,16.5,2,3.49
13106792,fill1,10,0.80,16.5,2,3.49
13106792,fill1,11,0.79,16.6,2,3.49
13106792,fill1,12,0.79,16.6,2,3.49
13106792,fill1,13,0.80,16.5,2,3.49
13106792,fill1,14,0.79,16.6,2,3.49
13106792,fill1,15,0.79,16.5,2,3.49
13106792,fill1,16,0.79,16.6,2,3.49
17475724,fill0,0,0.94,18.7,2,3.49
17475724,fill0,1,0.94,18.5,2,3.49
17475724,fill0,2,0.93,18.7,2,3.49
17475724,fill0,3,0.94,18.6,2,3.49
17475724,fill0,4,0.94,18.7,2,3.49
17475724,fill0,5,0.94,18.5,2,3.49
17475724,fill0,6,0.94,18.7,2,3.49
17475724,fill0,7,0.94,18.6,2,3.49
17475724,fill0,8,0.94,18.7,2,3.49
17475724,fill0,9,0.94,18.6,2,3.49
17475724,fill0,10,0.94,18.7,2,3.49
17475724,fill0,11,0.94,18.6,2,3.49
17475724,fill0,12,0.94,18.7,2,3.49
17475724,fill0,13,0.94,18.6,2,3.49
17475724,fill0,14,0.94,18.7,2,3.49
17475724,fill0,15,0.93,18.7,2,3.49
17475724,fill0,16,0.94,18.6,2,3.49
17475724,fill1,0,1.14,15.3,2,3.49
17475724,fill1,1,1.15,15.2,2,3.49
17475724,fill1,2,1.14,15.3,2,3.49
17475724,fill1,3,1.14,15.4,2,3.49
17475724,fill1,4,1.13,15.4,2,3.49
17475724,fill1,5,1.15,15.2,2,3.49
17475724,fill1,6,1.16,15.1,2,3.49
17475724,fill1,7,1.14,15.3,2,3.49
17475724,fill1,8,1.14,15.3,2,3.49
17475724,fill1,9,1.14,15.3,2,3.49
17475724,fill1,10,1.14,15.4,2,3.49
17475724,fill1,11,1.14,15.3,2,3.49
17475724,fill1,12,1.13,15.5,2,3.49
17475724,fill1,13,1.14,15.3,2,3.49
17475724,fill1,14,1.13,15.4,2,3.49
17475724,fill1,15,1.14,15.4,2,3.49
17475724,fill1,16,1.13,15.4,2,3.49
23300964,fill0,0,1.50,15.5,2,3.49
23300964,fill0,1,1.86,12.5,2,3.34
23300964,fill0,2,1.63,14.3,2,3.34
23300964,fill0,3,1.44,16.2,2,3.40
23300964,fill0,4,1.38,16.9,2,3.49
23300964,fill0,5,1.49,15.7,2,3.28
23300964,fill0,6,1.41,16.6,2,3.42
23300964,fill0,7,1.40,16.6,2,3.42
23300964,fill0,8,1.37,17.0,2,3.49
23300964,fill0,9,1.37,17.0,2,3.49
23300964,fill0,10,1.36,17.1,2,3.49
23300964,fill0,11,1.37,17.1,2,3.49
23300964,fill0,12,1.37,17.1,2,3.49
23300964,fill0,13,1.36,17.1,2,3.49
23300964,fill0,14,1.36,17.1,2,3.49
23300964,fill0,15,1.36,17.2,2,3.49
23300964,fill0,16,1.35,17.2,2,3.49
23300964,fill1,0,1.62,14.4,2,3.49
23300964,fill1,1,1.62,14.4,2,3.49
23300964,fill1,2,1.62,14.4,2,3.49
23300964,fill1,3,1.62,14.4,2,3.49
23300964,fill1,4,1.61,14.4,2,3.49
23300964,fill1,5,1.62,14.4,2,3.48
23300964,fill1,6,1.61,14.4,2,3.49
23300964,fill1,7,1.61,14.5,2,3.49
23300964,fill1,8,1.61,14.5,2,3.49
23300964,fill1,9,1.60,14.6,2,3.49
23300964,fill1,10,1.61,14.5,2,3.49
23300964,fill1,11,1.61,14.5,2,3.49
23300964,fill1,12,1.61,14.5,2,3.49
23300964,fill1,13,1.61,14.5,2,3.49
23300964,fill1,14,1.60,14.6,2,3.49
23300964,fill1,15,1.65,14.1,2,3.48
23300964,fill1,16,1.65,14.2,2,3.49
31067952,fill0,0,1.82,17.1,2,3.49
31067952,fill0,1,1.82,17.1,2,3.49
31067952,fill0,2,1.82,17.1,2,3.49
31067952,fill0,3,1.83,17.0,2,3.49
31067952,fill0,4,1.91,16.3,2,3.41
31067952,fill0,5,2.13,14.6,2,3.36
31067952,fill0,6,2.04,15.2,2,3.26
31067952,fill0,7,2.48,12.5,2,3.33
31067952,fill0,8,1.92,16.2,2,3.44
31067952,fill0,9,1.96,15.9,2,3.35
31067952,fill0,10,1.98,15.7,2,3.33
31067952,fill0,11,1.90,16.4,2,3.44
31067952,fill0,12,1.88,16.6,2,3.49
31067952,fill0,13,1.86,16.7,2,3.49
31067952,fill0,14,1.86,16.7,2,3.49
31067952,fill0,15,1.85,16.8,2,3.49
31067952,fill0,16,1.85,16.8,2,3.49
31067952,fill1,0,2.24,13.9,2,3.49
31067952,fill1,1,2.22,14.0,2,3.49
31067952,fill1,2,2.22,14.0,2,3.49
31067952,fill1,3,2.21,14.1,2,3.49
31067952,fill1,4,2.21,14.1,2,3.49
31067952,fill1,5,2.20,14.1,2,3.49
31067952,fill1,6,2.20,14.1,2,3.49
31067952,fill1,7,2.21,14.0,2,3.49
31067952,fill1,8,2.20,14.1,2,3.49
31067952,fill1,9,2.20,14.2,2,3.49
31067952,fill1,10,2.20,14.1,2,3.49
31067952,fill1,11,2.20,14.1,2,3.49
31067952,fill1,12,2.20,14.1,2,3.49
31067952,fill1,13,2.20,14.1,2,3.49
31067952,fill1,14,2.20,14.2,2,3.49
31067952,fill1,15,2.20,14.1,2,3.49
31067952,fill1,16,2.20,14.1,2,3.49
41423936,fill0,0,2.49,16.6,2,3.49
41423936,fill0,1,2.48,16.7,2,3.49
41423936,fill0,2,2.48,16.7,2,3.49
41423936,fill0,3,2.49,16.7,2,3.49
41423936,fill0,4,2.48,16.7,2,3.49
41423936,fill0,5,2.48,16.7,2,3.49
41423936,fill0,6,2.52,16.5,2,3.45
41423936,fill0,7,2.49,16.6,2,3.49
41423936,fill0,8,2.48,16.7,2,3.49
41423936,fill0,9,2.48,16.7,2,3.49
41423936,fill0,10,2.48,16.7,2,3.49
41423936,fill0,11,2.48,16.7,2,3.49
41423936,fill0,12,2.48,16.7,2,3.49
41423936,fill0,13,2.48,16.7,2,3.49
41423936,fill0,14,2.48,16.7,2,3.49
41423936,fill0,15,2.48,16.7,2,3.49
41423936,fill0,16,2.48,16.7,2,3.49
41423936,fill1,0,2.98,13.9,2,3.49
41423936,fill1,1,3.00,13.8,2,3.49
41423936,fill1,2,2.98,13.9,2,3.49
41423936,fill1,3,2.99,13.9,2,3.49
41423936,fill1,4,2.98,13.9,2,3.49
41423936,fill1,5,2.98,13.9,2,3.49
41423936,fill1,6,3.20,12.9,2,3.41
41423936,fill1,7,3.14,13.2,2,3.42
41423936,fill1,8,3.06,13.5,2,3.46
41423936,fill1,9,3.10,13.4,2,3.42
41423936,fill1,10,3.03,13.7,2,3.49
41423936,fill1,11,3.04,13.6,2,3.49
41423936,fill1,12,3.02,13.7,2,3.49
41423936,fill1,13,3.01,13.7,2,3.49
41423936,fill1,14,3.02,13.7,2,3.49
41423936,fill1,15,3.02,13.7,2,3.49
41423936,fill1,16,3.00,13.8,2,3.49
55231916,fill0,0,3.37,16.4,2,3.49
55231916,fill0,1,3.36,16.4,2,3.49
55231916,fill0,2,3.36,16.4,2,3.49
55231916,fill0,3,3.37,16.4,2,3.49
55231916,fill0,4,3.36,16.4,2,3.49
55231916,fill0,5,3.36,16.4,2,3.49
55231916,fill0,6,3.36,16.4,2,3.49
55231916,fill0,7,3.36,16.4,2,3.49
55231916,fill0,8,3.70,14.9,2,3.42
55231916,fill0,9,4.19,13.2,2,3.30
55231916,fill0,10,3.44,16.1,2,3.49
55231916,fill0,11,3.54,15.6,2,3.40
55231916,fill0,12,3.42,16.2,2,3.49
55231916,fill0,13,3.41,16.2,2,3.49
55231916,fill0,14,3.40,16.3,2,3.49
55231916,fill0,15,3.40,16.3,2,3.49
55231916,fill0,16,3.40,16.2,2,3.49
55231916,fill1,0,4.08,13.5,2,3.49
55231916,fill1,1,4.08,13.5,2,3.49
55231916,fill1,2,4.11,13.4,2,3.47
55231916,fill1,3,4.08,13.5,2,3.49
55231916,fill1,4,4.07,13.6,2,3.49
55231916,fill1,5,4.07,13.6,2,3.49
55231916,fill1,6,4.07,13.6,2,3.49
55231916,fill1,7,4.07,13.6,2,3.49
55231916,fill1,8,4.07,13.6,2,3.49
55231916,fill1,9,4.08,13.5,2,3.49
55231916,fill1,10,4.07,13.6,2,3.49
55231916,fill1,11,4.07,13.6,2,3.49
55231916,fill1,12,4.06,13.6,2,3.49
55231916,fill1,13,4.07,13.6,2,3.49
55231916,fill1,14,4.07,13.6,2,3.49
55231916,fill1,15,4.08,13.5,2,3.49
55231916,fill1,16,4.06,13.6,2,3.49
73642556,fill0,0,4.55,16.2,2,3.49
73642556,fill0,1,4.56,16.2,2,3.49
73642556,fill0,2,4.54,16.2,2,3.49
73642556,fill0,3,4.54,16.2,2,3.49
73642556,fill0,4,4.56,16.2,2,3.49
73642556,fill0,5,4.57,16.1,2,3.49
73642556,fill0,6,4.55,16.2,2,3.49
73642556,fill0,7,4.54,16.2,2,3.49
73642556,fill0,8,4.55,16.2,2,3.49
73642556,fill0,9,4.54,16.2,2,3.49
73642556,fill0,10,4.54,16.2,2,3.49
73642556,fill0,11,4.66,15.8,2,3.43
73642556,fill0,12,4.60,16.0,2,3.47
73642556,fill0,13,4.55,16.2,2,3.49
73642556,fill0,14,4.54,16.2,2,3.49
73642556,fill0,15,4.55,16.2,2,3.49
73642556,fill0,16,4.54,16.2,2,3.49
73642556,fill1,0,5.53,13.3,2,3.49
73642556,fill1,1,5.55,13.3,2,3.49
73642556,fill1,2,5.56,13.2,2,3.47
73642556,fill1,3,5.56,13.2,2,3.47
73642556,fill1,4,5.57,13.2,2,3.45
73642556,fill1,5,5.51,13.4,2,3.49
73642556,fill1,6,5.51,13.4,2,3.49
73642556,fill1,7,5.50,13.4,2,3.49
73642556,fill1,8,5.50,13.4,2,3.49
73642556,fill1,9,5.50,13.4,2,3.49
73642556,fill1,10,5.50,13.4,2,3.49
73642556,fill1,11,5.49,13.4,2,3.49
73642556,fill1,12,5.54,13.3,2,3.49
73642556,fill1,13,5.50,13.4,2,3.49
73642556,fill1,14,5.49,13.4,2,3.49
73642556,fill1,15,5.49,13.4,2,3.49
73642556,fill1,16,5.65,13.0,2,3.43
98190072,fill0,0,6.11,16.1,2,3.49
98190072,fill0,1,6.12,16.1,2,3.49
98190072,fill0,2,6.11,16.1,2,3.49
98190072,fill0,3,6.65,14.8,2,3.26
98190072,fill0,4,6.17,15.9,2,3.48
98190072,fill0,5,6.14,16.0,2,3.49
98190072,fill0,6,6.13,16.0,2,3.49
98190072,fill0,7,6.12,16.0,2,3.49
98190072,fill0,8,6.12,16.0,2,3.49
98190072,fill0,9,6.16,15.9,2,3.47
98190072,fill0,10,6.16,15.9,2,3.47
98190072,fill0,11,6.12,16.0,2,3.49
98190072,fill0,12,6.12,16.0,2,3.49
98190072,fill0,13,6.13,16.0,2,3.49
98190072,fill0,14,6.12,16.0,2,3.49
98190072,fill0,15,6.13,16.0,2,3.49
98190072,fill0,16,6.12,16.1,2,3.49
98190072,fill1,0,7.44,13.2,2,3.49
98190072,fill1,1,7.39,13.3,2,3.49
98190072,fill1,2,7.39,13.3,2,3.49
98190072,fill1,3,7.42,13.2,2,3.49
98190072,fill1,4,7.39,13.3,2,3.49
98190072,fill1,5,7.39,13.3,2,3.49
98190072,fill1,6,7.45,13.2,2,3.48
98190072,fill1,7,7.38,13.3,2,3.49
98190072,fill1,8,7.43,13.2,2,3.48
98190072,fill1,9,7.45,13.2,2,3.46
98190072,fill1,10,7.48,13.1,2,3.46
98190072,fill1,11,7.44,13.2,2,3.47
98190072,fill1,12,7.41,13.3,2,3.49
98190072,fill1,13,7.49,13.1,2,3.47
98190072,fill1,14,7.44,13.2,2,3.46
98190072,fill1,15,7.39,13.3,2,3.49
98190072,fill1,16,7.39,13.3,2,3.49
