Size,Algo,Trial,Stampms,GB/s,Iters
100,fill0,0,0.00,14.8,1000
100,fill0,1,0.00,14.8,1000
100,fill0,2,0.00,14.8,1000
100,fill0,3,0.00,14.8,1000
100,fill0,4,0.00,14.8,1000
100,fill0,5,0.00,14.8,1000
100,fill0,6,0.00,14.8,1000
100,fill0,7,0.00,14.8,1000
100,fill0,8,0.00,14.8,1000
100,fill0,9,0.00,14.8,1000
100,fill0,10,0.00,14.8,1000
100,fill0,11,0.00,14.8,1000
100,fill0,12,0.00,14.8,1000
100,fill0,13,0.00,14.8,1000
100,fill0,14,0.00,14.8,1000
100,fill0,15,0.00,14.8,1000
100,fill0,16,0.00,14.8,1000
100,fill1,0,0.00,14.8,1000
100,fill1,1,0.00,14.8,1000
100,fill1,2,0.00,14.8,1000
100,fill1,3,0.00,14.8,1000
100,fill1,4,0.00,14.8,1000
100,fill1,5,0.00,14.8,1000
100,fill1,6,0.00,14.8,1000
100,fill1,7,0.00,14.8,1000
100,fill1,8,0.00,14.8,1000
100,fill1,9,0.00,14.8,1000
100,fill1,10,0.00,14.8,1000
100,fill1,11,0.00,14.8,1000
100,fill1,12,0.00,14.8,1000
100,fill1,13,0.00,14.8,1000
100,fill1,14,0.00,14.8,1000
100,fill1,15,0.00,14.8,1000
100,fill1,16,0.00,14.8,1000
100,fill01,0,0.00,15.8,1000
100,fill01,1,0.00,15.8,1000
100,fill01,2,0.00,15.8,1000
100,fill01,3,0.00,15.8,1000
100,fill01,4,0.00,15.8,1000
100,fill01,5,0.00,14.1,1000
100,fill01,6,0.00,15.8,1000
100,fill01,7,0.00,15.8,1000
100,fill01,8,0.00,15.8,1000
100,fill01,9,0.00,15.8,1000
100,fill01,10,0.00,15.8,1000
100,fill01,11,0.00,15.8,1000
100,fill01,12,0.00,15.8,1000
100,fill01,13,0.00,15.8,1000
100,fill01,14,0.00,15.8,1000
100,fill01,15,0.00,15.8,1000
100,fill01,16,0.00,15.8,1000
132,fill0,0,0.00,19.4,752
132,fill0,1,0.00,19.4,752
132,fill0,2,0.00,19.4,752
132,fill0,3,0.00,19.4,752
132,fill0,4,0.00,19.4,752
132,fill0,5,0.00,19.4,752
132,fill0,6,0.00,19.4,752
132,fill0,7,0.00,19.4,752
132,fill0,8,0.00,19.4,752
132,fill0,9,0.00,19.4,752
132,fill0,10,0.00,19.4,752
132,fill0,11,0.00,19.4,752
132,fill0,12,0.00,19.4,752
132,fill0,13,0.00,19.4,752
132,fill0,14,0.00,19.4,752
132,fill0,15,0.00,19.4,752
132,fill0,16,0.00,19.4,752
132,fill1,0,0.00,19.4,752
132,fill1,1,0.00,19.4,752
132,fill1,2,0.00,19.4,752
132,fill1,3,0.00,19.4,752
132,fill1,4,0.00,19.4,752
132,fill1,5,0.00,19.4,752
132,fill1,6,0.00,19.4,752
132,fill1,7,0.00,19.4,752
132,fill1,8,0.00,19.4,752
132,fill1,9,0.00,19.4,752
132,fill1,10,0.00,19.4,752
132,fill1,11,0.00,19.4,752
132,fill1,12,0.00,19.4,752
132,fill1,13,0.00,19.4,752
132,fill1,14,0.00,19.4,752
132,fill1,15,0.00,19.4,752
132,fill1,16,0.00,19.4,752
132,fill01,0,0.00,20.2,752
132,fill01,1,0.00,20.2,752
132,fill01,2,0.00,20.2,752
132,fill01,3,0.00,20.2,752
132,fill01,4,0.00,20.1,752
132,fill01,5,0.00,20.2,752
132,fill01,6,0.00,20.2,752
132,fill01,7,0.00,20.2,752
132,fill01,8,0.00,20.2,752
132,fill01,9,0.00,20.2,752
132,fill01,10,0.00,20.1,752
132,fill01,11,0.00,20.2,752
132,fill01,12,0.00,20.2,752
132,fill01,13,0.00,20.1,752
132,fill01,14,0.00,20.2,752
132,fill01,15,0.00,20.2,752
132,fill01,16,0.00,20.2,752
176,fill0,0,0.00,21.1,565
176,fill0,1,0.00,21.1,565
176,fill0,2,0.00,21.1,565
176,fill0,3,0.00,21.1,565
176,fill0,4,0.00,21.1,565
176,fill0,5,0.00,21.1,565
176,fill0,6,0.00,21.0,565
176,fill0,7,0.00,21.1,565
176,fill0,8,0.00,21.1,565
176,fill0,9,0.00,21.1,565
176,fill0,10,0.00,21.1,565
176,fill0,11,0.00,21.1,565
176,fill0,12,0.00,21.0,565
176,fill0,13,0.00,21.1,565
176,fill0,14,0.00,21.1,565
176,fill0,15,0.00,21.1,565
176,fill0,16,0.00,21.1,565
176,fill1,0,0.00,21.1,565
176,fill1,1,0.00,21.1,565
176,fill1,2,0.00,21.1,565
176,fill1,3,0.00,21.1,565
176,fill1,4,0.00,21.1,565
176,fill1,5,0.00,21.1,565
176,fill1,6,0.00,21.1,565
176,fill1,7,0.00,21.1,565
176,fill1,8,0.00,21.1,565
176,fill1,9,0.00,21.1,565
176,fill1,10,0.00,21.1,565
176,fill1,11,0.00,21.1,565
176,fill1,12,0.00,21.1,565
176,fill1,13,0.00,21.1,565
176,fill1,14,0.00,21.1,565
176,fill1,15,0.00,21.1,565
176,fill1,16,0.00,21.1,565
176,fill01,0,0.00,22.1,565
176,fill01,1,0.00,22.1,565
176,fill01,2,0.00,22.1,565
176,fill01,3,0.00,22.1,565
176,fill01,4,0.00,22.1,565
176,fill01,5,0.00,22.1,565
176,fill01,6,0.00,22.1,565
176,fill01,7,0.00,22.1,565
176,fill01,8,0.00,22.1,565
176,fill01,9,0.00,22.1,565
176,fill01,10,0.00,22.1,565
176,fill01,11,0.00,22.1,565
176,fill01,12,0.00,22.1,565
176,fill01,13,0.00,22.1,565
176,fill01,14,0.00,22.1,565
176,fill01,15,0.00,22.1,565
176,fill01,16,0.00,22.1,565
236,fill0,0,0.00,26.1,424
236,fill0,1,0.00,26.1,424
236,fill0,2,0.00,26.1,424
236,fill0,3,0.00,26.1,424
236,fill0,4,0.00,26.1,424
236,fill0,5,0.00,26.1,424
236,fill0,6,0.00,26.1,424
236,fill0,7,0.00,26.1,424
236,fill0,8,0.00,26.1,424
236,fill0,9,0.00,26.1,424
236,fill0,10,0.00,26.1,424
236,fill0,11,0.00,26.1,424
236,fill0,12,0.00,26.1,424
236,fill0,13,0.00,26.1,424
236,fill0,14,0.00,26.1,424
236,fill0,15,0.00,26.1,424
236,fill0,16,0.00,26.1,424
236,fill1,0,0.00,26.1,424
236,fill1,1,0.00,26.1,424
236,fill1,2,0.00,26.1,424
236,fill1,3,0.00,26.1,424
236,fill1,4,0.00,26.1,424
236,fill1,5,0.00,26.1,424
236,fill1,6,0.00,26.1,424
236,fill1,7,0.00,26.1,424
236,fill1,8,0.00,26.1,424
236,fill1,9,0.00,26.1,424
236,fill1,10,0.00,26.1,424
236,fill1,11,0.00,26.1,424
236,fill1,12,0.00,26.1,424
236,fill1,13,0.00,26.1,424
236,fill1,14,0.00,26.1,424
236,fill1,15,0.00,26.1,424
236,fill1,16,0.00,26.1,424
236,fill01,0,0.00,27.5,424
236,fill01,1,0.00,27.5,424
236,fill01,2,0.00,27.5,424
236,fill01,3,0.00,27.5,424
236,fill01,4,0.00,27.5,424
236,fill01,5,0.00,27.5,424
236,fill01,6,0.00,27.5,424
236,fill01,7,0.00,27.5,424
236,fill01,8,0.00,27.5,424
236,fill01,9,0.00,27.5,424
236,fill01,10,0.00,27.5,424
236,fill01,11,0.00,27.5,424
236,fill01,12,0.00,27.5,424
236,fill01,13,0.00,27.5,424
236,fill01,14,0.00,27.5,424
236,fill01,15,0.00,27.5,424
236,fill01,16,0.00,27.5,424
312,fill0,0,0.00,33.0,319
312,fill0,1,0.00,33.1,319
312,fill0,2,0.00,33.0,319
312,fill0,3,0.00,33.0,319
312,fill0,4,0.00,33.0,319
312,fill0,5,0.00,33.1,319
312,fill0,6,0.00,33.0,319
312,fill0,7,0.00,33.1,319
312,fill0,8,0.00,33.0,319
312,fill0,9,0.00,33.0,319
312,fill0,10,0.00,33.0,319
312,fill0,11,0.00,33.0,319
312,fill0,12,0.00,33.0,319
312,fill0,13,0.00,33.1,319
312,fill0,14,0.00,33.0,319
312,fill0,15,0.00,33.0,319
312,fill0,16,0.00,33.0,319
312,fill1,0,0.00,32.7,319
312,fill1,1,0.00,32.8,319
312,fill1,2,0.00,32.7,319
312,fill1,3,0.00,32.8,319
312,fill1,4,0.00,32.7,319
312,fill1,5,0.00,32.8,319
312,fill1,6,0.00,32.7,319
312,fill1,7,0.00,32.8,319
312,fill1,8,0.00,32.7,319
312,fill1,9,0.00,32.8,319
312,fill1,10,0.00,32.7,319
312,fill1,11,0.00,32.7,319
312,fill1,12,0.00,32.7,319
312,fill1,13,0.00,32.8,319
312,fill1,14,0.00,32.7,319
312,fill1,15,0.00,32.8,319
312,fill1,16,0.00,32.7,319
312,fill01,0,0.00,32.5,319
312,fill01,1,0.00,32.6,319
312,fill01,2,0.00,32.6,319
312,fill01,3,0.00,32.6,319
312,fill01,4,0.00,32.6,319
312,fill01,5,0.00,32.6,319
312,fill01,6,0.00,32.6,319
312,fill01,7,0.00,32.6,319
312,fill01,8,0.00,32.6,319
312,fill01,9,0.00,32.6,319
312,fill01,10,0.00,32.6,319
312,fill01,11,0.00,32.6,319
312,fill01,12,0.00,32.5,319
312,fill01,13,0.00,32.6,319
312,fill01,14,0.00,32.6,319
312,fill01,15,0.00,32.6,319
312,fill01,16,0.00,32.6,319
416,fill0,0,0.00,39.5,240
416,fill0,1,0.00,39.5,240
416,fill0,2,0.00,39.5,240
416,fill0,3,0.00,39.5,240
416,fill0,4,0.00,39.5,240
416,fill0,5,0.00,39.5,240
416,fill0,6,0.00,39.5,240
416,fill0,7,0.00,39.5,240
416,fill0,8,0.00,39.5,240
416,fill0,9,0.00,39.5,240
416,fill0,10,0.00,39.5,240
416,fill0,11,0.00,39.5,240
416,fill0,12,0.00,39.5,240
416,fill0,13,0.00,39.5,240
416,fill0,14,0.00,39.5,240
416,fill0,15,0.00,39.5,240
416,fill0,16,0.00,39.5,240
416,fill1,0,0.00,39.5,240
416,fill1,1,0.00,39.5,240
416,fill1,2,0.00,39.5,240
416,fill1,3,0.00,39.5,240
416,fill1,4,0.00,39.5,240
416,fill1,5,0.00,39.5,240
416,fill1,6,0.00,39.5,240
416,fill1,7,0.00,39.5,240
416,fill1,8,0.00,39.5,240
416,fill1,9,0.00,39.5,240
416,fill1,10,0.00,39.5,240
416,fill1,11,0.00,39.5,240
416,fill1,12,0.00,39.5,240
416,fill1,13,0.00,39.5,240
416,fill1,14,0.00,39.5,240
416,fill1,15,0.00,39.5,240
416,fill1,16,0.00,39.5,240
416,fill01,0,0.00,39.4,240
416,fill01,1,0.00,39.4,240
416,fill01,2,0.00,39.4,240
416,fill01,3,0.00,39.4,240
416,fill01,4,0.00,39.4,240
416,fill01,5,0.00,39.4,240
416,fill01,6,0.00,39.4,240
416,fill01,7,0.00,39.4,240
416,fill01,8,0.00,39.4,240
416,fill01,9,0.00,39.4,240
416,fill01,10,0.00,39.4,240
416,fill01,11,0.00,39.4,240
416,fill01,12,0.00,39.4,240
416,fill01,13,0.00,39.4,240
416,fill01,14,0.00,39.4,240
416,fill01,15,0.00,39.4,240
416,fill01,16,0.00,39.4,240
556,fill0,0,0.00,40.0,180
556,fill0,1,0.00,40.0,180
556,fill0,2,0.00,40.0,180
556,fill0,3,0.00,40.0,180
556,fill0,4,0.00,40.1,180
556,fill0,5,0.00,40.0,180
556,fill0,6,0.00,40.1,180
556,fill0,7,0.00,40.0,180
556,fill0,8,0.00,40.1,180
556,fill0,9,0.00,40.1,180
556,fill0,10,0.00,40.0,180
556,fill0,11,0.00,40.0,180
556,fill0,12,0.00,40.0,180
556,fill0,13,0.00,40.0,180
556,fill0,14,0.00,40.0,180
556,fill0,15,0.00,40.0,180
556,fill0,16,0.00,40.1,180
556,fill1,0,0.00,39.8,180
556,fill1,1,0.00,39.7,180
556,fill1,2,0.00,39.8,180
556,fill1,3,0.00,39.7,180
556,fill1,4,0.00,39.8,180
556,fill1,5,0.00,39.7,180
556,fill1,6,0.00,39.8,180
556,fill1,7,0.00,39.7,180
556,fill1,8,0.00,39.8,180
556,fill1,9,0.00,39.7,180
556,fill1,10,0.00,39.8,180
556,fill1,11,0.00,39.7,180
556,fill1,12,0.00,40.0,180
556,fill1,13,0.00,39.9,180
556,fill1,14,0.00,39.8,180
556,fill1,15,0.00,39.7,180
556,fill1,16,0.00,39.8,180
556,fill01,0,0.00,39.8,180
556,fill01,1,0.00,39.8,180
556,fill01,2,0.00,39.8,180
556,fill01,3,0.00,39.8,180
556,fill01,4,0.00,39.8,180
556,fill01,5,0.00,39.8,180
556,fill01,6,0.00,39.8,180
556,fill01,7,0.00,39.8,180
556,fill01,8,0.00,39.8,180
556,fill01,9,0.00,39.8,180
556,fill01,10,0.00,39.8,180
556,fill01,11,0.00,39.8,180
556,fill01,12,0.00,39.8,180
556,fill01,13,0.00,39.8,180
556,fill01,14,0.00,39.8,180
556,fill01,15,0.00,39.8,180
556,fill01,16,0.00,39.8,180
740,fill0,0,0.00,43.3,135
740,fill0,1,0.00,43.3,135
740,fill0,2,0.00,43.3,135
740,fill0,3,0.00,43.3,135
740,fill0,4,0.00,43.3,135
740,fill0,5,0.00,43.3,135
740,fill0,6,0.00,43.3,135
740,fill0,7,0.00,43.3,135
740,fill0,8,0.00,43.3,135
740,fill0,9,0.00,43.3,135
740,fill0,10,0.00,43.3,135
740,fill0,11,0.00,43.3,135
740,fill0,12,0.00,43.3,135
740,fill0,13,0.00,43.3,135
740,fill0,14,0.00,43.3,135
740,fill0,15,0.00,43.3,135
740,fill0,16,0.00,43.3,135
740,fill1,0,0.00,44.1,135
740,fill1,1,0.00,44.2,135
740,fill1,2,0.00,44.1,135
740,fill1,3,0.00,44.2,135
740,fill1,4,0.00,44.1,135
740,fill1,5,0.00,44.3,135
740,fill1,6,0.00,44.1,135
740,fill1,7,0.00,44.2,135
740,fill1,8,0.00,44.1,135
740,fill1,9,0.00,44.2,135
740,fill1,10,0.00,44.2,135
740,fill1,11,0.00,44.3,135
740,fill1,12,0.00,44.1,135
740,fill1,13,0.00,44.2,135
740,fill1,14,0.00,44.2,135
740,fill1,15,0.00,44.3,135
740,fill1,16,0.00,44.1,135
740,fill01,0,0.00,43.8,135
740,fill01,1,0.00,43.7,135
740,fill01,2,0.00,43.6,135
740,fill01,3,0.00,43.7,135
740,fill01,4,0.00,43.6,135
740,fill01,5,0.00,43.7,135
740,fill01,6,0.00,43.7,135
740,fill01,7,0.00,43.7,135
740,fill01,8,0.00,43.7,135
740,fill01,9,0.00,43.7,135
740,fill01,10,0.00,43.6,135
740,fill01,11,0.00,43.7,135
740,fill01,12,0.00,43.7,135
740,fill01,13,0.00,43.7,135
740,fill01,14,0.00,43.6,135
740,fill01,15,0.00,43.7,135
740,fill01,16,0.00,43.6,135
988,fill0,0,0.00,42.8,102
988,fill0,1,0.00,42.8,102
988,fill0,2,0.00,42.8,102
988,fill0,3,0.00,42.8,102
988,fill0,4,0.00,42.8,102
988,fill0,5,0.00,42.8,102
988,fill0,6,0.00,42.8,102
988,fill0,7,0.00,42.8,102
988,fill0,8,0.00,42.8,102
988,fill0,9,0.00,42.8,102
988,fill0,10,0.00,42.8,102
988,fill0,11,0.00,42.8,102
988,fill0,12,0.00,42.8,102
988,fill0,13,0.00,42.8,102
988,fill0,14,0.00,42.8,102
988,fill0,15,0.00,42.8,102
988,fill0,16,0.00,42.8,102
988,fill1,0,0.00,43.1,102
988,fill1,1,0.00,43.1,102
988,fill1,2,0.00,43.1,102
988,fill1,3,0.00,43.1,102
988,fill1,4,0.00,43.1,102
988,fill1,5,0.00,43.1,102
988,fill1,6,0.00,43.1,102
988,fill1,7,0.00,43.1,102
988,fill1,8,0.00,43.1,102
988,fill1,9,0.00,43.1,102
988,fill1,10,0.00,43.1,102
988,fill1,11,0.00,43.1,102
988,fill1,12,0.00,43.1,102
988,fill1,13,0.00,43.1,102
988,fill1,14,0.00,43.1,102
988,fill1,15,0.00,43.1,102
988,fill1,16,0.00,43.1,102
988,fill01,0,0.00,43.6,102
988,fill01,1,0.00,43.6,102
988,fill01,2,0.00,43.6,102
988,fill01,3,0.00,43.6,102
988,fill01,4,0.00,43.6,102
988,fill01,5,0.00,43.6,102
988,fill01,6,0.00,43.6,102
988,fill01,7,0.00,43.6,102
988,fill01,8,0.00,43.6,102
988,fill01,9,0.00,43.6,102
988,fill01,10,0.00,43.6,102
988,fill01,11,0.00,43.6,102
988,fill01,12,0.00,43.6,102
988,fill01,13,0.00,43.6,102
988,fill01,14,0.00,43.6,102
988,fill01,15,0.00,43.6,102
988,fill01,16,0.00,43.6,102
1316,fill0,0,0.00,48.2,76
1316,fill0,1,0.00,48.3,76
1316,fill0,2,0.00,48.3,76
1316,fill0,3,0.00,48.3,76
1316,fill0,4,0.00,48.2,76
1316,fill0,5,0.00,48.1,76
1316,fill0,6,0.00,48.1,76
1316,fill0,7,0.00,48.4,76
1316,fill0,8,0.00,48.3,76
1316,fill0,9,0.00,48.4,76
1316,fill0,10,0.00,48.2,76
1316,fill0,11,0.00,48.4,76
1316,fill0,12,0.00,48.2,76
1316,fill0,13,0.00,48.1,76
1316,fill0,14,0.00,48.3,76
1316,fill0,15,0.00,48.1,76
1316,fill0,16,0.00,48.3,76
1316,fill1,0,0.00,47.8,76
1316,fill1,1,0.00,47.8,76
1316,fill1,2,0.00,47.8,76
1316,fill1,3,0.00,47.8,76
1316,fill1,4,0.00,47.8,76
1316,fill1,5,0.00,47.8,76
1316,fill1,6,0.00,47.8,76
1316,fill1,7,0.00,47.8,76
1316,fill1,8,0.00,47.8,76
1316,fill1,9,0.00,47.8,76
1316,fill1,10,0.00,47.8,76
1316,fill1,11,0.00,47.8,76
1316,fill1,12,0.00,47.8,76
1316,fill1,13,0.00,47.8,76
1316,fill1,14,0.00,48.2,76
1316,fill1,15,0.00,47.8,76
1316,fill1,16,0.00,47.8,76
1316,fill01,0,0.00,48.3,76
1316,fill01,1,0.00,48.3,76
1316,fill01,2,0.00,48.3,76
1316,fill01,3,0.00,48.3,76
1316,fill01,4,0.00,48.3,76
1316,fill01,5,0.00,48.3,76
1316,fill01,6,0.00,48.3,76
1316,fill01,7,0.00,48.3,76
1316,fill01,8,0.00,48.3,76
1316,fill01,9,0.00,48.3,76
1316,fill01,10,0.00,48.3,76
1316,fill01,11,0.00,48.3,76
1316,fill01,12,0.00,48.3,76
1316,fill01,13,0.00,48.3,76
1316,fill01,14,0.00,48.3,76
1316,fill01,15,0.00,48.3,76
1316,fill01,16,0.00,48.3,76
1756,fill0,0,0.00,48.4,57
1756,fill0,1,0.00,48.3,57
1756,fill0,2,0.00,48.3,57
1756,fill0,3,0.00,48.4,57
1756,fill0,4,0.00,48.4,57
1756,fill0,5,0.00,48.3,57
1756,fill0,6,0.00,48.4,57
1756,fill0,7,0.00,48.3,57
1756,fill0,8,0.00,48.3,57
1756,fill0,9,0.00,48.3,57
1756,fill0,10,0.00,48.4,57
1756,fill0,11,0.00,48.3,57
1756,fill0,12,0.00,48.4,57
1756,fill0,13,0.00,48.3,57
1756,fill0,14,0.00,48.3,57
1756,fill0,15,0.00,48.4,57
1756,fill0,16,0.00,48.4,57
1756,fill1,0,0.00,48.2,57
1756,fill1,1,0.00,48.2,57
1756,fill1,2,0.00,48.2,57
1756,fill1,3,0.00,48.2,57
1756,fill1,4,0.00,48.2,57
1756,fill1,5,0.00,48.2,57
1756,fill1,6,0.00,48.2,57
1756,fill1,7,0.00,48.2,57
1756,fill1,8,0.00,48.2,57
1756,fill1,9,0.00,48.2,57
1756,fill1,10,0.00,48.2,57
1756,fill1,11,0.00,48.4,57
1756,fill1,12,0.00,48.2,57
1756,fill1,13,0.00,48.4,57
1756,fill1,14,0.00,48.2,57
1756,fill1,15,0.00,48.2,57
1756,fill1,16,0.00,48.2,57
1756,fill01,0,0.00,48.4,57
1756,fill01,1,0.00,48.4,57
1756,fill01,2,0.00,48.4,57
1756,fill01,3,0.00,48.4,57
1756,fill01,4,0.00,48.4,57
1756,fill01,5,0.00,48.4,57
1756,fill01,6,0.00,48.4,57
1756,fill01,7,0.00,48.4,57
1756,fill01,8,0.00,48.4,57
1756,fill01,9,0.00,48.4,57
1756,fill01,10,0.00,48.4,57
1756,fill01,11,0.00,48.3,57
1756,fill01,12,0.00,48.4,57
1756,fill01,13,0.00,48.3,57
1756,fill01,14,0.00,48.4,57
1756,fill01,15,0.00,48.4,57
1756,fill01,16,0.00,48.4,57
2340,fill0,0,0.00,50.7,43
2340,fill0,1,0.00,50.9,43
2340,fill0,2,0.00,50.6,43
2340,fill0,3,0.00,50.7,43
2340,fill0,4,0.00,50.6,43
2340,fill0,5,0.00,50.7,43
2340,fill0,6,0.00,50.7,43
2340,fill0,7,0.00,50.9,43
2340,fill0,8,0.00,50.7,43
2340,fill0,9,0.00,50.9,43
2340,fill0,10,0.00,50.6,43
2340,fill0,11,0.00,50.7,43
2340,fill0,12,0.00,50.7,43
2340,fill0,13,0.00,50.7,43
2340,fill0,14,0.00,50.7,43
2340,fill0,15,0.00,50.7,43
2340,fill0,16,0.00,50.7,43
2340,fill1,0,0.00,51.0,43
2340,fill1,1,0.00,51.0,43
2340,fill1,2,0.00,51.0,43
2340,fill1,3,0.00,51.0,43
2340,fill1,4,0.00,51.0,43
2340,fill1,5,0.00,51.0,43
2340,fill1,6,0.00,51.0,43
2340,fill1,7,0.00,51.0,43
2340,fill1,8,0.00,51.0,43
2340,fill1,9,0.00,51.0,43
2340,fill1,10,0.00,51.0,43
2340,fill1,11,0.00,51.0,43
2340,fill1,12,0.00,51.0,43
2340,fill1,13,0.00,51.0,43
2340,fill1,14,0.00,51.0,43
2340,fill1,15,0.00,51.0,43
2340,fill1,16,0.00,51.0,43
2340,fill01,0,0.00,51.8,43
2340,fill01,1,0.00,52.1,43
2340,fill01,2,0.00,51.8,43
2340,fill01,3,0.00,51.9,43
2340,fill01,4,0.00,51.8,43
2340,fill01,5,0.00,52.1,43
2340,fill01,6,0.00,51.8,43
2340,fill01,7,0.00,52.1,43
2340,fill01,8,0.00,51.8,43
2340,fill01,9,0.00,52.1,43
2340,fill01,10,0.00,51.8,43
2340,fill01,11,0.00,51.9,43
2340,fill01,12,0.00,51.8,43
2340,fill01,13,0.00,52.1,43
2340,fill01,14,0.00,51.8,43
2340,fill01,15,0.00,51.9,43
2340,fill01,16,0.00,51.8,43
3120,fill0,0,0.00,51.9,33
3120,fill0,1,0.00,51.9,33
3120,fill0,2,0.00,51.9,33
3120,fill0,3,0.00,51.9,33
3120,fill0,4,0.00,51.9,33
3120,fill0,5,0.00,51.9,33
3120,fill0,6,0.00,51.9,33
3120,fill0,7,0.00,51.8,33
3120,fill0,8,0.00,51.9,33
3120,fill0,9,0.00,51.9,33
3120,fill0,10,0.00,51.9,33
3120,fill0,11,0.00,51.9,33
3120,fill0,12,0.00,51.9,33
3120,fill0,13,0.00,51.9,33
3120,fill0,14,0.00,51.9,33
3120,fill0,15,0.00,51.9,33
3120,fill0,16,0.00,51.9,33
3120,fill1,0,0.00,52.1,33
3120,fill1,1,0.00,52.0,33
3120,fill1,2,0.00,51.9,33
3120,fill1,3,0.00,52.0,33
3120,fill1,4,0.00,51.9,33
3120,fill1,5,0.00,52.0,33
3120,fill1,6,0.00,52.2,33
3120,fill1,7,0.00,52.0,33
3120,fill1,8,0.00,51.9,33
3120,fill1,9,0.00,52.1,33
3120,fill1,10,0.00,51.9,33
3120,fill1,11,0.00,52.1,33
3120,fill1,12,0.00,52.0,33
3120,fill1,13,0.00,51.9,33
3120,fill1,14,0.00,52.0,33
3120,fill1,15,0.00,52.0,33
3120,fill1,16,0.00,51.9,33
3120,fill01,0,0.00,52.4,33
3120,fill01,1,0.00,52.3,33
3120,fill01,2,0.00,52.4,33
3120,fill01,3,0.00,52.4,33
3120,fill01,4,0.00,52.4,33
3120,fill01,5,0.00,52.3,33
3120,fill01,6,0.00,52.4,33
3120,fill01,7,0.00,52.4,33
3120,fill01,8,0.00,52.4,33
3120,fill01,9,0.00,52.3,33
3120,fill01,10,0.00,52.3,33
3120,fill01,11,0.00,52.3,33
3120,fill01,12,0.00,52.3,33
3120,fill01,13,0.00,52.3,33
3120,fill01,14,0.00,52.3,33
3120,fill01,15,0.00,52.4,33
3120,fill01,16,0.00,52.3,33
4160,fill0,0,0.00,53.5,25
4160,fill0,1,0.00,53.8,25
4160,fill0,2,0.00,53.5,25
4160,fill0,3,0.00,53.6,25
4160,fill0,4,0.00,53.5,25
4160,fill0,5,0.00,53.8,25
4160,fill0,6,0.00,53.5,25
4160,fill0,7,0.00,53.8,25
4160,fill0,8,0.00,53.5,25
4160,fill0,9,0.00,53.6,25
4160,fill0,10,0.00,53.5,25
4160,fill0,11,0.00,53.5,25
4160,fill0,12,0.00,53.5,25
4160,fill0,13,0.00,53.4,25
4160,fill0,14,0.00,53.4,25
4160,fill0,15,0.00,53.6,25
4160,fill0,16,0.00,53.5,25
4160,fill1,0,0.00,53.7,25
4160,fill1,1,0.00,53.7,25
4160,fill1,2,0.00,53.7,25
4160,fill1,3,0.00,53.5,25
4160,fill1,4,0.00,53.7,25
4160,fill1,5,0.00,53.7,25
4160,fill1,6,0.00,53.7,25
4160,fill1,7,0.00,53.7,25
4160,fill1,8,0.00,53.7,25
4160,fill1,9,0.00,53.5,25
4160,fill1,10,0.00,53.7,25
4160,fill1,11,0.00,53.5,25
4160,fill1,12,0.00,53.6,25
4160,fill1,13,0.00,53.6,25
4160,fill1,14,0.00,53.5,25
4160,fill1,15,0.00,53.5,25
4160,fill1,16,0.00,53.7,25
4160,fill01,0,0.00,53.8,25
4160,fill01,1,0.00,53.7,25
4160,fill01,2,0.00,53.7,25
4160,fill01,3,0.00,53.7,25
4160,fill01,4,0.00,53.7,25
4160,fill01,5,0.00,53.8,25
4160,fill01,6,0.00,53.8,25
4160,fill01,7,0.00,53.8,25
4160,fill01,8,0.00,53.8,25
4160,fill01,9,0.00,53.8,25
4160,fill01,10,0.00,53.8,25
4160,fill01,11,0.00,53.8,25
4160,fill01,12,0.00,53.8,25
4160,fill01,13,0.00,53.8,25
4160,fill01,14,0.00,53.8,25
4160,fill01,15,0.00,53.7,25
4160,fill01,16,0.00,53.7,25
5548,fill0,0,0.00,53.3,19
5548,fill0,1,0.00,53.3,19
5548,fill0,2,0.00,53.3,19
5548,fill0,3,0.00,53.4,19
5548,fill0,4,0.00,53.3,19
5548,fill0,5,0.00,53.3,19
5548,fill0,6,0.00,53.3,19
5548,fill0,7,0.00,53.3,19
5548,fill0,8,0.00,53.3,19
5548,fill0,9,0.00,53.3,19
5548,fill0,10,0.00,53.3,19
5548,fill0,11,0.00,53.3,19
5548,fill0,12,0.00,53.3,19
5548,fill0,13,0.00,53.3,19
5548,fill0,14,0.00,53.3,19
5548,fill0,15,0.00,53.3,19
5548,fill0,16,0.00,53.3,19
5548,fill1,0,0.00,53.4,19
5548,fill1,1,0.00,53.3,19
5548,fill1,2,0.00,53.4,19
5548,fill1,3,0.00,53.3,19
5548,fill1,4,0.00,53.4,19
5548,fill1,5,0.00,53.3,19
5548,fill1,6,0.00,53.3,19
5548,fill1,7,0.00,53.3,19
5548,fill1,8,0.00,53.3,19
5548,fill1,9,0.00,53.3,19
5548,fill1,10,0.00,53.4,19
5548,fill1,11,0.00,53.3,19
5548,fill1,12,0.00,53.4,19
5548,fill1,13,0.00,53.3,19
5548,fill1,14,0.00,53.4,19
5548,fill1,15,0.00,53.3,19
5548,fill1,16,0.00,53.3,19
5548,fill01,0,0.00,54.3,19
5548,fill01,1,0.00,54.3,19
5548,fill01,2,0.00,54.3,19
5548,fill01,3,0.00,54.3,19
5548,fill01,4,0.00,54.3,19
5548,fill01,5,0.00,54.3,19
5548,fill01,6,0.00,54.3,19
5548,fill01,7,0.00,54.3,19
5548,fill01,8,0.00,54.3,19
5548,fill01,9,0.00,54.3,19
5548,fill01,10,0.00,54.3,19
5548,fill01,11,0.00,54.3,19
5548,fill01,12,0.00,54.3,19
5548,fill01,13,0.00,54.3,19
5548,fill01,14,0.00,54.3,19
5548,fill01,15,0.00,54.3,19
5548,fill01,16,0.00,54.3,19
7396,fill0,0,0.00,54.2,14
7396,fill0,1,0.00,54.2,14
7396,fill0,2,0.00,54.2,14
7396,fill0,3,0.00,54.2,14
7396,fill0,4,0.00,54.2,14
7396,fill0,5,0.00,54.2,14
7396,fill0,6,0.00,54.2,14
7396,fill0,7,0.00,54.2,14
7396,fill0,8,0.00,54.2,14
7396,fill0,9,0.00,54.2,14
7396,fill0,10,0.00,54.2,14
7396,fill0,11,0.00,54.2,14
7396,fill0,12,0.00,54.2,14
7396,fill0,13,0.00,54.1,14
7396,fill0,14,0.00,54.2,14
7396,fill0,15,0.00,54.2,14
7396,fill0,16,0.00,54.2,14
7396,fill1,0,0.00,54.3,14
7396,fill1,1,0.00,54.3,14
7396,fill1,2,0.00,54.2,14
7396,fill1,3,0.00,54.3,14
7396,fill1,4,0.00,54.3,14
7396,fill1,5,0.00,54.2,14
7396,fill1,6,0.00,54.3,14
7396,fill1,7,0.00,54.3,14
7396,fill1,8,0.00,54.2,14
7396,fill1,9,0.00,54.3,14
7396,fill1,10,0.00,54.3,14
7396,fill1,11,0.00,54.3,14
7396,fill1,12,0.00,54.3,14
7396,fill1,13,0.00,54.3,14
7396,fill1,14,0.00,54.2,14
7396,fill1,15,0.00,54.3,14
7396,fill1,16,0.00,54.3,14
7396,fill01,0,0.00,54.6,14
7396,fill01,1,0.00,54.5,14
7396,fill01,2,0.00,54.5,14
7396,fill01,3,0.00,54.5,14
7396,fill01,4,0.00,54.5,14
7396,fill01,5,0.00,54.5,14
7396,fill01,6,0.00,54.5,14
7396,fill01,7,0.00,54.5,14
7396,fill01,8,0.00,54.5,14
7396,fill01,9,0.00,54.5,14
7396,fill01,10,0.00,54.5,14
7396,fill01,11,0.00,54.5,14
7396,fill01,12,0.00,54.5,14
7396,fill01,13,0.00,54.5,14
7396,fill01,14,0.00,54.5,14
7396,fill01,15,0.00,54.5,14
7396,fill01,16,0.00,54.5,14
9864,fill0,0,0.00,53.4,11
9864,fill0,1,0.00,53.4,11
9864,fill0,2,0.00,53.4,11
9864,fill0,3,0.00,53.4,11
9864,fill0,4,0.00,53.4,11
9864,fill0,5,0.00,53.4,11
9864,fill0,6,0.00,53.4,11
9864,fill0,7,0.00,53.4,11
9864,fill0,8,0.00,53.4,11
9864,fill0,9,0.00,53.4,11
9864,fill0,10,0.00,53.4,11
9864,fill0,11,0.00,53.5,11
9864,fill0,12,0.00,53.4,11
9864,fill0,13,0.00,53.4,11
9864,fill0,14,0.00,53.4,11
9864,fill0,15,0.00,53.4,11
9864,fill0,16,0.00,53.4,11
9864,fill1,0,0.00,53.4,11
9864,fill1,1,0.00,53.5,11
9864,fill1,2,0.00,53.5,11
9864,fill1,3,0.00,53.5,11
9864,fill1,4,0.00,53.4,11
9864,fill1,5,0.00,53.5,11
9864,fill1,6,0.00,53.4,11
9864,fill1,7,0.00,53.4,11
9864,fill1,8,0.00,53.5,11
9864,fill1,9,0.00,53.4,11
9864,fill1,10,0.00,53.4,11
9864,fill1,11,0.00,53.5,11
9864,fill1,12,0.00,53.4,11
9864,fill1,13,0.00,53.4,11
9864,fill1,14,0.00,53.5,11
9864,fill1,15,0.00,53.4,11
9864,fill1,16,0.00,53.4,11
9864,fill01,0,0.00,54.3,11
9864,fill01,1,0.00,54.3,11
9864,fill01,2,0.00,54.4,11
9864,fill01,3,0.00,54.3,11
9864,fill01,4,0.00,54.4,11
9864,fill01,5,0.00,54.4,11
9864,fill01,6,0.00,54.3,11
9864,fill01,7,0.00,54.4,11
9864,fill01,8,0.00,54.4,11
9864,fill01,9,0.00,54.3,11
9864,fill01,10,0.00,54.4,11
9864,fill01,11,0.00,54.4,11
9864,fill01,12,0.00,54.3,11
9864,fill01,13,0.00,54.4,11
9864,fill01,14,0.00,54.4,11
9864,fill01,15,0.00,54.4,11
9864,fill01,16,0.00,54.3,11
13152,fill0,0,0.00,54.0,8
13152,fill0,1,0.00,54.0,8
13152,fill0,2,0.00,54.0,8
13152,fill0,3,0.00,54.0,8
13152,fill0,4,0.00,54.0,8
13152,fill0,5,0.00,54.1,8
13152,fill0,6,0.00,54.0,8
13152,fill0,7,0.00,54.0,8
13152,fill0,8,0.00,54.0,8
13152,fill0,9,0.00,54.0,8
13152,fill0,10,0.00,54.0,8
13152,fill0,11,0.00,54.1,8
13152,fill0,12,0.00,54.0,8
13152,fill0,13,0.00,54.1,8
13152,fill0,14,0.00,54.0,8
13152,fill0,15,0.00,54.0,8
13152,fill0,16,0.00,54.0,8
13152,fill1,0,0.00,54.0,8
13152,fill1,1,0.00,54.0,8
13152,fill1,2,0.00,54.0,8
13152,fill1,3,0.00,54.0,8
13152,fill1,4,0.00,54.0,8
13152,fill1,5,0.00,54.0,8
13152,fill1,6,0.00,54.0,8
13152,fill1,7,0.00,54.0,8
13152,fill1,8,0.00,54.0,8
13152,fill1,9,0.00,54.0,8
13152,fill1,10,0.00,54.0,8
13152,fill1,11,0.00,54.0,8
13152,fill1,12,0.00,54.0,8
13152,fill1,13,0.00,54.0,8
13152,fill1,14,0.00,54.0,8
13152,fill1,15,0.00,54.0,8
13152,fill1,16,0.00,54.0,8
13152,fill01,0,0.00,54.9,8
13152,fill01,1,0.00,54.9,8
13152,fill01,2,0.00,54.9,8
13152,fill01,3,0.00,54.9,8
13152,fill01,4,0.00,54.9,8
13152,fill01,5,0.00,54.9,8
13152,fill01,6,0.00,54.9,8
13152,fill01,7,0.00,54.9,8
13152,fill01,8,0.00,54.9,8
13152,fill01,9,0.00,54.9,8
13152,fill01,10,0.00,54.9,8
13152,fill01,11,0.00,54.9,8
13152,fill01,12,0.00,54.9,8
13152,fill01,13,0.00,54.9,8
13152,fill01,14,0.00,54.9,8
13152,fill01,15,0.00,54.9,8
13152,fill01,16,0.00,54.9,8
17536,fill0,0,0.00,54.6,6
17536,fill0,1,0.00,54.6,6
17536,fill0,2,0.00,54.6,6
17536,fill0,3,0.00,54.6,6
17536,fill0,4,0.00,54.6,6
17536,fill0,5,0.00,54.6,6
17536,fill0,6,0.00,54.6,6
17536,fill0,7,0.00,54.6,6
17536,fill0,8,0.00,54.6,6
17536,fill0,9,0.00,54.6,6
17536,fill0,10,0.00,54.7,6
17536,fill0,11,0.00,54.6,6
17536,fill0,12,0.00,54.6,6
17536,fill0,13,0.00,54.6,6
17536,fill0,14,0.00,54.6,6
17536,fill0,15,0.00,54.6,6
17536,fill0,16,0.00,54.7,6
17536,fill1,0,0.00,54.7,6
17536,fill1,1,0.00,54.7,6
17536,fill1,2,0.00,54.7,6
17536,fill1,3,0.00,54.6,6
17536,fill1,4,0.00,54.7,6
17536,fill1,5,0.00,54.7,6
17536,fill1,6,0.00,54.7,6
17536,fill1,7,0.00,54.7,6
17536,fill1,8,0.00,54.7,6
17536,fill1,9,0.00,54.7,6
17536,fill1,10,0.00,54.7,6
17536,fill1,11,0.00,54.6,6
17536,fill1,12,0.00,54.7,6
17536,fill1,13,0.00,54.7,6
17536,fill1,14,0.00,54.7,6
17536,fill1,15,0.00,54.6,6
17536,fill1,16,0.00,54.7,6
17536,fill01,0,0.00,55.5,6
17536,fill01,1,0.00,55.5,6
17536,fill01,2,0.00,55.5,6
17536,fill01,3,0.00,55.5,6
17536,fill01,4,0.00,55.5,6
17536,fill01,5,0.00,55.5,6
17536,fill01,6,0.00,55.5,6
17536,fill01,7,0.00,55.5,6
17536,fill01,8,0.00,55.5,6
17536,fill01,9,0.00,55.5,6
17536,fill01,10,0.00,55.4,6
17536,fill01,11,0.00,55.5,6
17536,fill01,12,0.00,55.5,6
17536,fill01,13,0.00,55.5,6
17536,fill01,14,0.00,55.5,6
17536,fill01,15,0.00,55.5,6
17536,fill01,16,0.00,55.5,6
23380,fill0,0,0.00,55.0,5
23380,fill0,1,0.00,55.0,5
23380,fill0,2,0.00,55.0,5
23380,fill0,3,0.00,55.0,5
23380,fill0,4,0.00,55.0,5
23380,fill0,5,0.00,55.0,5
23380,fill0,6,0.00,55.0,5
23380,fill0,7,0.00,55.0,5
23380,fill0,8,0.00,55.0,5
23380,fill0,9,0.00,55.0,5
23380,fill0,10,0.00,55.0,5
23380,fill0,11,0.00,55.0,5
23380,fill0,12,0.00,55.0,5
23380,fill0,13,0.00,55.0,5
23380,fill0,14,0.00,55.0,5
23380,fill0,15,0.00,55.0,5
23380,fill0,16,0.00,55.0,5
23380,fill1,0,0.00,55.0,5
23380,fill1,1,0.00,55.0,5
23380,fill1,2,0.00,55.0,5
23380,fill1,3,0.00,55.1,5
23380,fill1,4,0.00,55.0,5
23380,fill1,5,0.00,55.1,5
23380,fill1,6,0.00,55.0,5
23380,fill1,7,0.00,55.0,5
23380,fill1,8,0.00,55.0,5
23380,fill1,9,0.00,55.1,5
23380,fill1,10,0.00,55.0,5
23380,fill1,11,0.00,55.0,5
23380,fill1,12,0.00,55.1,5
23380,fill1,13,0.00,55.0,5
23380,fill1,14,0.00,55.0,5
23380,fill1,15,0.00,55.1,5
23380,fill1,16,0.00,55.1,5
23380,fill01,0,0.00,55.8,5
23380,fill01,1,0.00,55.8,5
23380,fill01,2,0.00,55.8,5
23380,fill01,3,0.00,55.8,5
23380,fill01,4,0.00,55.8,5
23380,fill01,5,0.00,55.8,5
23380,fill01,6,0.00,55.8,5
23380,fill01,7,0.00,55.8,5
23380,fill01,8,0.00,55.8,5
23380,fill01,9,0.00,55.8,5
23380,fill01,10,0.00,55.8,5
23380,fill01,11,0.00,55.8,5
23380,fill01,12,0.00,55.8,5
23380,fill01,13,0.00,55.8,5
23380,fill01,14,0.00,55.8,5
23380,fill01,15,0.00,55.8,5
23380,fill01,16,0.00,55.8,5
31172,fill0,0,0.00,46.0,4
31172,fill0,1,0.00,46.4,4
31172,fill0,2,0.00,45.7,4
31172,fill0,3,0.00,46.6,4
31172,fill0,4,0.00,46.4,4
31172,fill0,5,0.00,46.0,4
31172,fill0,6,0.00,46.4,4
31172,fill0,7,0.00,46.8,4
31172,fill0,8,0.00,47.7,4
31172,fill0,9,0.00,47.1,4
31172,fill0,10,0.00,46.3,4
31172,fill0,11,0.00,45.7,4
31172,fill0,12,0.00,46.7,4
31172,fill0,13,0.00,47.1,4
31172,fill0,14,0.00,46.4,4
31172,fill0,15,0.00,47.1,4
31172,fill0,16,0.00,47.5,4
31172,fill1,0,0.00,46.1,4
31172,fill1,1,0.00,46.4,4
31172,fill1,2,0.00,45.7,4
31172,fill1,3,0.00,46.6,4
31172,fill1,4,0.00,46.4,4
31172,fill1,5,0.00,46.0,4
31172,fill1,6,0.00,46.3,4
31172,fill1,7,0.00,46.8,4
31172,fill1,8,0.00,47.7,4
31172,fill1,9,0.00,47.0,4
31172,fill1,10,0.00,46.3,4
31172,fill1,11,0.00,45.7,4
31172,fill1,12,0.00,46.7,4
31172,fill1,13,0.00,47.1,4
31172,fill1,14,0.00,46.4,4
31172,fill1,15,0.00,47.0,4
31172,fill1,16,0.00,47.5,4
31172,fill01,0,0.00,50.8,4
31172,fill01,1,0.00,51.0,4
31172,fill01,2,0.00,50.6,4
31172,fill01,3,0.00,51.1,4
31172,fill01,4,0.00,51.0,4
31172,fill01,5,0.00,50.8,4
31172,fill01,6,0.00,51.0,4
31172,fill01,7,0.00,50.9,4
31172,fill01,8,0.00,51.4,4
31172,fill01,9,0.00,51.5,4
31172,fill01,10,0.00,51.1,4
31172,fill01,11,0.00,50.4,4
31172,fill01,12,0.00,51.0,4
31172,fill01,13,0.00,51.2,4
31172,fill01,14,0.00,50.8,4
31172,fill01,15,0.00,51.2,4
31172,fill01,16,0.00,51.5,4
41564,fill0,0,0.00,14.9,3
41564,fill0,1,0.00,15.0,3
41564,fill0,2,0.00,14.9,3
41564,fill0,3,0.00,14.9,3
41564,fill0,4,0.00,14.9,3
41564,fill0,5,0.00,15.0,3
41564,fill0,6,0.00,14.9,3
41564,fill0,7,0.00,14.9,3
41564,fill0,8,0.00,14.9,3
41564,fill0,9,0.00,15.0,3
41564,fill0,10,0.00,14.9,3
41564,fill0,11,0.00,14.9,3
41564,fill0,12,0.00,14.9,3
41564,fill0,13,0.00,15.0,3
41564,fill0,14,0.00,14.9,3
41564,fill0,15,0.00,14.9,3
41564,fill0,16,0.00,14.9,3
41564,fill1,0,0.00,14.8,3
41564,fill1,1,0.00,14.8,3
41564,fill1,2,0.00,14.8,3
41564,fill1,3,0.00,14.8,3
41564,fill1,4,0.00,14.8,3
41564,fill1,5,0.00,14.8,3
41564,fill1,6,0.00,14.8,3
41564,fill1,7,0.00,14.8,3
41564,fill1,8,0.00,14.8,3
41564,fill1,9,0.00,14.8,3
41564,fill1,10,0.00,14.8,3
41564,fill1,11,0.00,14.8,3
41564,fill1,12,0.00,14.8,3
41564,fill1,13,0.00,14.8,3
41564,fill1,14,0.00,14.8,3
41564,fill1,15,0.00,14.8,3
41564,fill1,16,0.00,14.8,3
41564,fill01,0,0.01,15.0,3
41564,fill01,1,0.01,15.0,3
41564,fill01,2,0.01,15.0,3
41564,fill01,3,0.01,15.0,3
41564,fill01,4,0.01,15.0,3
41564,fill01,5,0.01,15.0,3
41564,fill01,6,0.01,15.0,3
41564,fill01,7,0.01,15.0,3
41564,fill01,8,0.01,15.0,3
41564,fill01,9,0.01,15.0,3
41564,fill01,10,0.01,15.0,3
41564,fill01,11,0.01,15.0,3
41564,fill01,12,0.01,15.0,3
41564,fill01,13,0.01,15.0,3
41564,fill01,14,0.01,15.0,3
41564,fill01,15,0.01,15.0,3
41564,fill01,16,0.01,15.0,3
55420,fill0,0,0.00,18.3,2
55420,fill0,1,0.00,18.3,2
55420,fill0,2,0.00,18.3,2
55420,fill0,3,0.00,18.3,2
55420,fill0,4,0.00,18.3,2
55420,fill0,5,0.00,18.3,2
55420,fill0,6,0.00,18.3,2
55420,fill0,7,0.00,18.3,2
55420,fill0,8,0.00,18.3,2
55420,fill0,9,0.00,18.3,2
55420,fill0,10,0.00,18.3,2
55420,fill0,11,0.00,18.3,2
55420,fill0,12,0.00,18.3,2
55420,fill0,13,0.00,18.3,2
55420,fill0,14,0.00,18.3,2
55420,fill0,15,0.00,18.3,2
55420,fill0,16,0.00,18.3,2
55420,fill1,0,0.00,18.3,2
55420,fill1,1,0.00,18.3,2
55420,fill1,2,0.00,18.3,2
55420,fill1,3,0.00,18.3,2
55420,fill1,4,0.00,18.3,2
55420,fill1,5,0.00,18.3,2
55420,fill1,6,0.00,18.3,2
55420,fill1,7,0.00,18.3,2
55420,fill1,8,0.00,18.3,2
55420,fill1,9,0.00,18.3,2
55420,fill1,10,0.00,18.3,2
55420,fill1,11,0.00,18.3,2
55420,fill1,12,0.00,18.3,2
55420,fill1,13,0.00,18.3,2
55420,fill1,14,0.00,18.3,2
55420,fill1,15,0.00,18.3,2
55420,fill1,16,0.00,18.3,2
55420,fill01,0,0.01,18.4,2
55420,fill01,1,0.01,18.3,2
55420,fill01,2,0.01,18.4,2
55420,fill01,3,0.01,18.4,2
55420,fill01,4,0.01,18.4,2
55420,fill01,5,0.01,18.4,2
55420,fill01,6,0.01,18.4,2
55420,fill01,7,0.01,18.3,2
55420,fill01,8,0.01,18.4,2
55420,fill01,9,0.01,18.4,2
55420,fill01,10,0.01,18.4,2
55420,fill01,11,0.01,18.4,2
55420,fill01,12,0.01,18.4,2
55420,fill01,13,0.01,18.3,2
55420,fill01,14,0.01,18.4,2
55420,fill01,15,0.01,18.4,2
55420,fill01,16,0.01,18.4,2
73892,fill0,0,0.00,18.3,2
73892,fill0,1,0.00,18.3,2
73892,fill0,2,0.00,18.3,2
73892,fill0,3,0.00,18.3,2
73892,fill0,4,0.00,18.3,2
73892,fill0,5,0.00,18.3,2
73892,fill0,6,0.00,18.3,2
73892,fill0,7,0.00,18.3,2
73892,fill0,8,0.00,18.3,2
73892,fill0,9,0.00,18.3,2
73892,fill0,10,0.00,18.3,2
73892,fill0,11,0.00,18.3,2
73892,fill0,12,0.00,18.3,2
73892,fill0,13,0.00,18.3,2
73892,fill0,14,0.00,18.3,2
73892,fill0,15,0.00,18.3,2
73892,fill0,16,0.00,18.3,2
73892,fill1,0,0.00,18.3,2
73892,fill1,1,0.00,18.3,2
73892,fill1,2,0.00,18.3,2
73892,fill1,3,0.00,18.3,2
73892,fill1,4,0.00,18.3,2
73892,fill1,5,0.00,18.3,2
73892,fill1,6,0.00,18.3,2
73892,fill1,7,0.00,18.3,2
73892,fill1,8,0.00,18.3,2
73892,fill1,9,0.00,18.3,2
73892,fill1,10,0.00,18.3,2
73892,fill1,11,0.00,18.3,2
73892,fill1,12,0.00,18.3,2
73892,fill1,13,0.00,18.3,2
73892,fill1,14,0.00,18.3,2
73892,fill1,15,0.00,18.3,2
73892,fill1,16,0.00,18.3,2
73892,fill01,0,0.01,18.4,2
73892,fill01,1,0.01,18.4,2
73892,fill01,2,0.01,18.4,2
73892,fill01,3,0.01,18.4,2
73892,fill01,4,0.01,18.4,2
73892,fill01,5,0.01,18.4,2
73892,fill01,6,0.01,18.4,2
73892,fill01,7,0.01,18.4,2
73892,fill01,8,0.01,18.4,2
73892,fill01,9,0.01,18.4,2
73892,fill01,10,0.01,18.4,2
73892,fill01,11,0.01,18.4,2
73892,fill01,12,0.01,18.4,2
73892,fill01,13,0.01,18.4,2
73892,fill01,14,0.01,18.4,2
73892,fill01,15,0.01,18.4,2
73892,fill01,16,0.01,18.4,2
98524,fill0,0,0.01,15.0,2
98524,fill0,1,0.01,15.0,2
98524,fill0,2,0.01,15.0,2
98524,fill0,3,0.01,15.0,2
98524,fill0,4,0.01,15.0,2
98524,fill0,5,0.01,15.0,2
98524,fill0,6,0.01,15.0,2
98524,fill0,7,0.01,15.0,2
98524,fill0,8,0.01,15.0,2
98524,fill0,9,0.01,15.0,2
98524,fill0,10,0.01,15.0,2
98524,fill0,11,0.01,15.0,2
98524,fill0,12,0.01,15.0,2
98524,fill0,13,0.01,15.0,2
98524,fill0,14,0.01,15.0,2
98524,fill0,15,0.01,15.0,2
98524,fill0,16,0.01,15.0,2
98524,fill1,0,0.01,15.0,2
98524,fill1,1,0.01,15.0,2
98524,fill1,2,0.01,15.0,2
98524,fill1,3,0.01,15.0,2
98524,fill1,4,0.01,15.0,2
98524,fill1,5,0.01,15.0,2
98524,fill1,6,0.01,15.0,2
98524,fill1,7,0.01,15.0,2
98524,fill1,8,0.01,15.0,2
98524,fill1,9,0.01,15.0,2
98524,fill1,10,0.01,15.0,2
98524,fill1,11,0.01,15.0,2
98524,fill1,12,0.01,15.0,2
98524,fill1,13,0.01,15.0,2
98524,fill1,14,0.01,15.0,2
98524,fill1,15,0.01,15.0,2
98524,fill1,16,0.01,15.0,2
98524,fill01,0,0.01,15.1,2
98524,fill01,1,0.01,15.1,2
98524,fill01,2,0.01,15.1,2
98524,fill01,3,0.01,15.1,2
98524,fill01,4,0.01,15.1,2
98524,fill01,5,0.01,15.1,2
98524,fill01,6,0.01,15.1,2
98524,fill01,7,0.01,15.1,2
98524,fill01,8,0.01,15.1,2
98524,fill01,9,0.01,15.1,2
98524,fill01,10,0.01,15.1,2
98524,fill01,11,0.01,15.1,2
98524,fill01,12,0.01,15.1,2
98524,fill01,13,0.01,15.1,2
98524,fill01,14,0.01,15.1,2
98524,fill01,15,0.01,15.1,2
98524,fill01,16,0.01,15.1,2
131364,fill0,0,0.01,18.3,2
131364,fill0,1,0.01,18.3,2
131364,fill0,2,0.01,18.3,2
131364,fill0,3,0.01,18.3,2
131364,fill0,4,0.01,18.3,2
131364,fill0,5,0.01,18.3,2
131364,fill0,6,0.01,18.3,2
131364,fill0,7,0.01,18.3,2
131364,fill0,8,0.01,18.3,2
131364,fill0,9,0.01,18.3,2
131364,fill0,10,0.01,18.3,2
131364,fill0,11,0.01,18.3,2
131364,fill0,12,0.01,18.3,2
131364,fill0,13,0.01,18.3,2
131364,fill0,14,0.01,18.3,2
131364,fill0,15,0.01,18.3,2
131364,fill0,16,0.01,18.3,2
131364,fill1,0,0.01,18.4,2
131364,fill1,1,0.01,18.4,2
131364,fill1,2,0.01,18.4,2
131364,fill1,3,0.01,18.3,2
131364,fill1,4,0.01,18.4,2
131364,fill1,5,0.01,18.4,2
131364,fill1,6,0.01,18.4,2
131364,fill1,7,0.01,18.4,2
131364,fill1,8,0.01,18.4,2
131364,fill1,9,0.01,18.3,2
131364,fill1,10,0.01,18.4,2
131364,fill1,11,0.01,18.3,2
131364,fill1,12,0.01,18.4,2
131364,fill1,13,0.01,18.4,2
131364,fill1,14,0.01,18.4,2
131364,fill1,15,0.01,18.3,2
131364,fill1,16,0.01,18.4,2
131364,fill01,0,0.01,18.4,2
131364,fill01,1,0.01,18.4,2
131364,fill01,2,0.01,18.4,2
131364,fill01,3,0.01,18.4,2
131364,fill01,4,0.01,18.4,2
131364,fill01,5,0.01,18.4,2
131364,fill01,6,0.01,18.4,2
131364,fill01,7,0.01,18.4,2
131364,fill01,8,0.01,18.4,2
131364,fill01,9,0.01,18.4,2
131364,fill01,10,0.01,18.4,2
131364,fill01,11,0.01,18.4,2
131364,fill01,12,0.01,18.4,2
131364,fill01,13,0.01,18.4,2
131364,fill01,14,0.01,18.4,2
131364,fill01,15,0.01,18.4,2
131364,fill01,16,0.01,18.4,2
175152,fill0,0,0.01,18.4,2
175152,fill0,1,0.01,18.4,2
175152,fill0,2,0.01,18.4,2
175152,fill0,3,0.01,18.4,2
175152,fill0,4,0.01,18.4,2
175152,fill0,5,0.01,18.4,2
175152,fill0,6,0.01,18.4,2
175152,fill0,7,0.01,18.4,2
175152,fill0,8,0.01,18.4,2
175152,fill0,9,0.01,18.4,2
175152,fill0,10,0.01,18.4,2
175152,fill0,11,0.01,18.4,2
175152,fill0,12,0.01,18.4,2
175152,fill0,13,0.01,18.4,2
175152,fill0,14,0.01,18.4,2
175152,fill0,15,0.01,18.4,2
175152,fill0,16,0.01,18.4,2
175152,fill1,0,0.01,18.4,2
175152,fill1,1,0.01,18.4,2
175152,fill1,2,0.01,18.4,2
175152,fill1,3,0.01,18.4,2
175152,fill1,4,0.01,18.3,2
175152,fill1,5,0.01,18.3,2
175152,fill1,6,0.01,18.4,2
175152,fill1,7,0.01,18.4,2
175152,fill1,8,0.01,18.4,2
175152,fill1,9,0.01,18.4,2
175152,fill1,10,0.01,18.4,2
175152,fill1,11,0.01,18.4,2
175152,fill1,12,0.01,18.4,2
175152,fill1,13,0.01,18.4,2
175152,fill1,14,0.01,18.4,2
175152,fill1,15,0.01,18.4,2
175152,fill1,16,0.01,18.4,2
175152,fill01,0,0.02,18.4,2
175152,fill01,1,0.02,18.4,2
175152,fill01,2,0.02,18.4,2
175152,fill01,3,0.02,18.4,2
175152,fill01,4,0.02,18.4,2
175152,fill01,5,0.02,18.4,2
175152,fill01,6,0.02,18.4,2
175152,fill01,7,0.02,18.4,2
175152,fill01,8,0.02,18.4,2
175152,fill01,9,0.02,18.4,2
175152,fill01,10,0.02,18.4,2
175152,fill01,11,0.02,18.4,2
175152,fill01,12,0.02,18.4,2
175152,fill01,13,0.02,18.4,2
175152,fill01,14,0.02,18.4,2
175152,fill01,15,0.02,18.4,2
175152,fill01,16,0.02,18.4,2
233536,fill0,0,0.02,14.5,2
233536,fill0,1,0.02,14.5,2
233536,fill0,2,0.02,14.5,2
233536,fill0,3,0.02,12.5,2
233536,fill0,4,0.02,14.3,2
233536,fill0,5,0.02,14.4,2
233536,fill0,6,0.02,14.4,2
233536,fill0,7,0.02,14.5,2
233536,fill0,8,0.02,14.4,2
233536,fill0,9,0.02,14.4,2
233536,fill0,10,0.02,14.5,2
233536,fill0,11,0.02,14.5,2
233536,fill0,12,0.02,14.5,2
233536,fill0,13,0.02,14.5,2
233536,fill0,14,0.02,14.5,2
233536,fill0,15,0.02,14.5,2
233536,fill0,16,0.02,14.5,2
233536,fill1,0,0.02,14.5,2
233536,fill1,1,0.02,14.5,2
233536,fill1,2,0.02,14.5,2
233536,fill1,3,0.02,14.5,2
233536,fill1,4,0.02,14.5,2
233536,fill1,5,0.02,14.5,2
233536,fill1,6,0.02,14.5,2
233536,fill1,7,0.02,14.4,2
233536,fill1,8,0.02,14.5,2
233536,fill1,9,0.02,14.5,2
233536,fill1,10,0.02,14.5,2
233536,fill1,11,0.02,14.5,2
233536,fill1,12,0.02,14.4,2
233536,fill1,13,0.02,14.4,2
233536,fill1,14,0.02,14.5,2
233536,fill1,15,0.02,14.5,2
233536,fill1,16,0.02,13.5,2
233536,fill01,0,0.03,14.4,2
233536,fill01,1,0.03,14.5,2
233536,fill01,2,0.03,14.5,2
233536,fill01,3,0.03,14.5,2
233536,fill01,4,0.03,14.5,2
233536,fill01,5,0.03,14.5,2
233536,fill01,6,0.03,14.5,2
233536,fill01,7,0.03,14.5,2
233536,fill01,8,0.03,14.5,2
233536,fill01,9,0.03,14.5,2
233536,fill01,10,0.04,12.7,2
233536,fill01,11,0.03,14.5,2
233536,fill01,12,0.03,14.5,2
233536,fill01,13,0.03,14.5,2
233536,fill01,14,0.03,14.5,2
233536,fill01,15,0.03,14.5,2
233536,fill01,16,0.03,14.5,2
311380,fill0,0,0.03,11.8,2
311380,fill0,1,0.03,11.8,2
311380,fill0,2,0.03,11.8,2
311380,fill0,3,0.03,11.8,2
311380,fill0,4,0.03,11.8,2
311380,fill0,5,0.03,11.8,2
311380,fill0,6,0.03,11.8,2
311380,fill0,7,0.03,11.0,2
311380,fill0,8,0.03,11.7,2
311380,fill0,9,0.03,11.8,2
311380,fill0,10,0.03,11.7,2
311380,fill0,11,0.03,11.7,2
311380,fill0,12,0.03,11.8,2
311380,fill0,13,0.03,11.8,2
311380,fill0,14,0.03,11.7,2
311380,fill0,15,0.03,11.8,2
311380,fill0,16,0.03,11.8,2
311380,fill1,0,0.03,11.8,2
311380,fill1,1,0.03,11.8,2
311380,fill1,2,0.03,11.8,2
311380,fill1,3,0.03,11.8,2
311380,fill1,4,0.03,11.3,2
311380,fill1,5,0.03,11.5,2
311380,fill1,6,0.03,11.8,2
311380,fill1,7,0.03,11.8,2
311380,fill1,8,0.03,11.8,2
311380,fill1,9,0.03,11.8,2
311380,fill1,10,0.03,11.8,2
311380,fill1,11,0.03,11.8,2
311380,fill1,12,0.03,11.8,2
311380,fill1,13,0.03,11.8,2
311380,fill1,14,0.03,11.8,2
311380,fill1,15,0.03,11.8,2
311380,fill1,16,0.03,11.8,2
311380,fill01,0,0.05,11.8,2
311380,fill01,1,0.05,11.8,2
311380,fill01,2,0.05,11.8,2
311380,fill01,3,0.05,11.8,2
311380,fill01,4,0.05,11.8,2
311380,fill01,5,0.05,11.8,2
311380,fill01,6,0.05,11.8,2
311380,fill01,7,0.05,11.8,2
311380,fill01,8,0.05,11.8,2
311380,fill01,9,0.05,11.8,2
311380,fill01,10,0.05,11.8,2
311380,fill01,11,0.05,11.8,2
311380,fill01,12,0.05,11.8,2
311380,fill01,13,0.05,11.8,2
311380,fill01,14,0.05,11.8,2
311380,fill01,15,0.05,11.8,2
311380,fill01,16,0.05,11.8,2
415176,fill0,0,0.04,10.9,2
415176,fill0,1,0.04,10.8,2
415176,fill0,2,0.04,10.8,2
415176,fill0,3,0.04,10.9,2
415176,fill0,4,0.04,10.9,2
415176,fill0,5,0.04,10.9,2
415176,fill0,6,0.04,10.9,2
415176,fill0,7,0.04,10.9,2
415176,fill0,8,0.04,10.9,2
415176,fill0,9,0.04,10.9,2
415176,fill0,10,0.04,10.9,2
415176,fill0,11,0.04,10.9,2
415176,fill0,12,0.04,10.9,2
415176,fill0,13,0.04,10.9,2
415176,fill0,14,0.04,10.8,2
415176,fill0,15,0.04,10.9,2
415176,fill0,16,0.04,10.9,2
415176,fill1,0,0.04,10.9,2
415176,fill1,1,0.04,10.8,2
415176,fill1,2,0.04,10.9,2
415176,fill1,3,0.04,10.9,2
415176,fill1,4,0.04,10.9,2
415176,fill1,5,0.04,10.9,2
415176,fill1,6,0.04,10.9,2
415176,fill1,7,0.04,10.9,2
415176,fill1,8,0.04,10.9,2
415176,fill1,9,0.04,10.9,2
415176,fill1,10,0.04,10.9,2
415176,fill1,11,0.04,10.9,2
415176,fill1,12,0.04,10.9,2
415176,fill1,13,0.04,10.9,2
415176,fill1,14,0.04,10.9,2
415176,fill1,15,0.04,10.9,2
415176,fill1,16,0.04,10.9,2
415176,fill01,0,0.08,10.9,2
415176,fill01,1,0.08,10.7,2
415176,fill01,2,0.08,10.9,2
415176,fill01,3,0.08,10.9,2
415176,fill01,4,0.08,10.9,2
415176,fill01,5,0.08,10.8,2
415176,fill01,6,0.08,10.9,2
415176,fill01,7,0.08,10.9,2
415176,fill01,8,0.08,10.9,2
415176,fill01,9,0.08,10.9,2
415176,fill01,10,0.08,10.9,2
415176,fill01,11,0.08,10.9,2
415176,fill01,12,0.08,10.9,2
415176,fill01,13,0.08,10.9,2
415176,fill01,14,0.08,10.9,2
415176,fill01,15,0.08,10.9,2
415176,fill01,16,0.08,10.9,2
553568,fill0,0,0.05,12.0,2
553568,fill0,1,0.05,12.0,2
553568,fill0,2,0.05,12.0,2
553568,fill0,3,0.05,12.1,2
553568,fill0,4,0.05,12.1,2
553568,fill0,5,0.05,12.0,2
553568,fill0,6,0.05,12.0,2
553568,fill0,7,0.05,12.0,2
553568,fill0,8,0.05,12.0,2
553568,fill0,9,0.05,12.0,2
553568,fill0,10,0.05,12.0,2
553568,fill0,11,0.05,12.1,2
553568,fill0,12,0.05,12.0,2
553568,fill0,13,0.05,12.0,2
553568,fill0,14,0.05,12.0,2
553568,fill0,15,0.05,12.0,2
553568,fill0,16,0.05,12.0,2
553568,fill1,0,0.05,12.0,2
553568,fill1,1,0.05,12.0,2
553568,fill1,2,0.05,12.0,2
553568,fill1,3,0.05,12.0,2
553568,fill1,4,0.05,12.0,2
553568,fill1,5,0.05,12.0,2
553568,fill1,6,0.05,12.0,2
553568,fill1,7,0.05,12.0,2
553568,fill1,8,0.05,12.0,2
553568,fill1,9,0.05,11.1,2
553568,fill1,10,0.05,12.0,2
553568,fill1,11,0.05,12.1,2
553568,fill1,12,0.05,12.0,2
553568,fill1,13,0.05,12.0,2
553568,fill1,14,0.05,12.0,2
553568,fill1,15,0.05,12.0,2
553568,fill1,16,0.05,12.0,2
553568,fill01,0,0.09,12.0,2
553568,fill01,1,0.09,12.0,2
553568,fill01,2,0.09,12.0,2
553568,fill01,3,0.09,12.0,2
553568,fill01,4,0.09,12.0,2
553568,fill01,5,0.09,12.0,2
553568,fill01,6,0.09,12.1,2
553568,fill01,7,0.09,12.1,2
553568,fill01,8,0.09,12.0,2
553568,fill01,9,0.09,12.0,2
553568,fill01,10,0.09,12.0,2
553568,fill01,11,0.09,12.0,2
553568,fill01,12,0.09,12.1,2
553568,fill01,13,0.09,12.0,2
553568,fill01,14,0.09,12.0,2
553568,fill01,15,0.09,11.9,2
553568,fill01,16,0.09,12.0,2
738088,fill0,0,0.06,12.3,2
738088,fill0,1,0.06,12.3,2
738088,fill0,2,0.06,12.3,2
738088,fill0,3,0.06,12.3,2
738088,fill0,4,0.06,12.3,2
738088,fill0,5,0.06,12.3,2
738088,fill0,6,0.06,12.3,2
738088,fill0,7,0.06,12.3,2
738088,fill0,8,0.06,12.3,2
738088,fill0,9,0.06,12.3,2
738088,fill0,10,0.06,12.3,2
738088,fill0,11,0.06,12.3,2
738088,fill0,12,0.06,12.3,2
738088,fill0,13,0.06,12.3,2
738088,fill0,14,0.06,12.3,2
738088,fill0,15,0.06,12.3,2
738088,fill0,16,0.06,12.3,2
738088,fill1,0,0.06,12.3,2
738088,fill1,1,0.06,12.3,2
738088,fill1,2,0.06,12.3,2
738088,fill1,3,0.06,12.3,2
738088,fill1,4,0.06,12.3,2
738088,fill1,5,0.06,12.3,2
738088,fill1,6,0.06,12.3,2
738088,fill1,7,0.06,12.3,2
738088,fill1,8,0.06,12.3,2
738088,fill1,9,0.06,12.3,2
738088,fill1,10,0.06,12.3,2
738088,fill1,11,0.06,12.3,2
738088,fill1,12,0.06,12.3,2
738088,fill1,13,0.06,12.3,2
738088,fill1,14,0.06,12.3,2
738088,fill1,15,0.06,12.0,2
738088,fill1,16,0.06,12.3,2
738088,fill01,0,0.12,12.3,2
738088,fill01,1,0.12,12.3,2
738088,fill01,2,0.12,12.3,2
738088,fill01,3,0.12,12.3,2
738088,fill01,4,0.12,12.3,2
738088,fill01,5,0.12,12.3,2
738088,fill01,6,0.12,12.3,2
738088,fill01,7,0.12,12.3,2
738088,fill01,8,0.12,12.3,2
738088,fill01,9,0.12,12.3,2
738088,fill01,10,0.12,12.3,2
738088,fill01,11,0.12,12.2,2
738088,fill01,12,0.12,12.3,2
738088,fill01,13,0.12,12.3,2
738088,fill01,14,0.12,12.3,2
738088,fill01,15,0.12,12.3,2
738088,fill01,16,0.12,12.3,2
984120,fill0,0,0.08,12.3,2
984120,fill0,1,0.08,12.3,2
984120,fill0,2,0.08,12.3,2
984120,fill0,3,0.08,12.3,2
984120,fill0,4,0.08,12.3,2
984120,fill0,5,0.08,12.3,2
984120,fill0,6,0.08,12.3,2
984120,fill0,7,0.08,12.3,2
984120,fill0,8,0.08,12.3,2
984120,fill0,9,0.08,12.3,2
984120,fill0,10,0.08,12.3,2
984120,fill0,11,0.08,12.3,2
984120,fill0,12,0.08,12.3,2
984120,fill0,13,0.08,12.3,2
984120,fill0,14,0.08,12.3,2
984120,fill0,15,0.08,12.1,2
984120,fill0,16,0.08,12.3,2
984120,fill1,0,0.08,12.3,2
984120,fill1,1,0.08,12.3,2
984120,fill1,2,0.08,12.3,2
984120,fill1,3,0.08,12.3,2
984120,fill1,4,0.08,12.3,2
984120,fill1,5,0.08,12.3,2
984120,fill1,6,0.08,12.3,2
984120,fill1,7,0.08,12.3,2
984120,fill1,8,0.08,12.3,2
984120,fill1,9,0.08,12.3,2
984120,fill1,10,0.08,12.3,2
984120,fill1,11,0.08,12.3,2
984120,fill1,12,0.08,12.3,2
984120,fill1,13,0.08,12.3,2
984120,fill1,14,0.08,12.3,2
984120,fill1,15,0.08,12.3,2
984120,fill1,16,0.08,12.3,2
984120,fill01,0,0.16,12.3,2
984120,fill01,1,0.16,12.3,2
984120,fill01,2,0.16,12.3,2
984120,fill01,3,0.16,12.3,2
984120,fill01,4,0.16,12.3,2
984120,fill01,5,0.16,12.3,2
984120,fill01,6,0.16,12.3,2
984120,fill01,7,0.16,12.3,2
984120,fill01,8,0.16,12.0,2
984120,fill01,9,0.16,12.3,2
984120,fill01,10,0.16,12.3,2
984120,fill01,11,0.16,12.3,2
984120,fill01,12,0.16,12.3,2
984120,fill01,13,0.16,12.3,2
984120,fill01,14,0.16,12.3,2
984120,fill01,15,0.16,12.3,2
984120,fill01,16,0.16,12.3,2
1312160,fill0,0,0.10,12.7,2
1312160,fill0,1,0.10,12.7,2
1312160,fill0,2,0.10,12.7,2
1312160,fill0,3,0.11,12.2,2
1312160,fill0,4,0.10,12.7,2
1312160,fill0,5,0.10,12.7,2
1312160,fill0,6,0.10,12.7,2
1312160,fill0,7,0.10,12.7,2
1312160,fill0,8,0.10,12.7,2
1312160,fill0,9,0.10,12.7,2
1312160,fill0,10,0.10,12.7,2
1312160,fill0,11,0.10,12.7,2
1312160,fill0,12,0.10,12.7,2
1312160,fill0,13,0.10,12.7,2
1312160,fill0,14,0.10,12.7,2
1312160,fill0,15,0.10,12.7,2
1312160,fill0,16,0.10,12.7,2
1312160,fill1,0,0.10,12.7,2
1312160,fill1,1,0.10,12.7,2
1312160,fill1,2,0.10,12.5,2
1312160,fill1,3,0.10,12.7,2
1312160,fill1,4,0.10,12.7,2
1312160,fill1,5,0.10,12.7,2
1312160,fill1,6,0.10,12.7,2
1312160,fill1,7,0.10,12.7,2
1312160,fill1,8,0.10,12.7,2
1312160,fill1,9,0.10,12.7,2
1312160,fill1,10,0.10,12.7,2
1312160,fill1,11,0.10,12.7,2
1312160,fill1,12,0.10,12.7,2
1312160,fill1,13,0.10,12.7,2
1312160,fill1,14,0.10,12.7,2
1312160,fill1,15,0.10,12.7,2
1312160,fill1,16,0.10,12.7,2
1312160,fill01,0,0.21,12.7,2
1312160,fill01,1,0.21,12.7,2
1312160,fill01,2,0.21,12.7,2
1312160,fill01,3,0.21,12.7,2
1312160,fill01,4,0.21,12.7,2
1312160,fill01,5,0.21,12.6,2
1312160,fill01,6,0.21,12.7,2
1312160,fill01,7,0.21,12.7,2
1312160,fill01,8,0.21,12.7,2
1312160,fill01,9,0.21,12.7,2
1312160,fill01,10,0.21,12.7,2
1312160,fill01,11,0.21,12.7,2
1312160,fill01,12,0.21,12.7,2
1312160,fill01,13,0.21,12.7,2
1312160,fill01,14,0.21,12.6,2
1312160,fill01,15,0.21,12.7,2
1312160,fill01,16,0.21,12.7,2
1749544,fill0,0,0.14,12.3,2
1749544,fill0,1,0.14,12.3,2
1749544,fill0,2,0.14,12.3,2
1749544,fill0,3,0.14,12.3,2
1749544,fill0,4,0.14,12.3,2
1749544,fill0,5,0.14,12.2,2
1749544,fill0,6,0.14,12.3,2
1749544,fill0,7,0.14,12.3,2
1749544,fill0,8,0.14,12.3,2
1749544,fill0,9,0.14,12.3,2
1749544,fill0,10,0.14,12.3,2
1749544,fill0,11,0.14,12.3,2
1749544,fill0,12,0.14,12.3,2
1749544,fill0,13,0.14,12.3,2
1749544,fill0,14,0.14,12.3,2
1749544,fill0,15,0.14,12.3,2
1749544,fill0,16,0.14,12.3,2
1749544,fill1,0,0.14,12.3,2
1749544,fill1,1,0.14,12.3,2
1749544,fill1,2,0.14,12.3,2
1749544,fill1,3,0.14,12.3,2
1749544,fill1,4,0.14,12.3,2
1749544,fill1,5,0.14,12.3,2
1749544,fill1,6,0.14,12.3,2
1749544,fill1,7,0.14,12.3,2
1749544,fill1,8,0.14,12.3,2
1749544,fill1,9,0.14,12.3,2
1749544,fill1,10,0.14,12.3,2
1749544,fill1,11,0.14,12.2,2
1749544,fill1,12,0.14,12.3,2
1749544,fill1,13,0.14,12.3,2
1749544,fill1,14,0.14,12.3,2
1749544,fill1,15,0.14,12.3,2
1749544,fill1,16,0.14,12.3,2
1749544,fill01,0,0.28,12.3,2
1749544,fill01,1,0.28,12.3,2
1749544,fill01,2,0.28,12.3,2
1749544,fill01,3,0.29,12.3,2
1749544,fill01,4,0.28,12.3,2
1749544,fill01,5,0.28,12.3,2
1749544,fill01,6,0.28,12.3,2
1749544,fill01,7,0.28,12.3,2
1749544,fill01,8,0.28,12.3,2
1749544,fill01,9,0.28,12.3,2
1749544,fill01,10,0.29,12.3,2
1749544,fill01,11,0.28,12.3,2
1749544,fill01,12,0.28,12.3,2
1749544,fill01,13,0.28,12.3,2
1749544,fill01,14,0.28,12.3,2
1749544,fill01,15,0.28,12.3,2
1749544,fill01,16,0.28,12.3,2
2332728,fill0,0,0.19,12.3,2
2332728,fill0,1,0.19,12.3,2
2332728,fill0,2,0.19,12.3,2
2332728,fill0,3,0.19,12.3,2
2332728,fill0,4,0.19,12.3,2
2332728,fill0,5,0.19,12.2,2
2332728,fill0,6,0.19,12.3,2
2332728,fill0,7,0.19,12.3,2
2332728,fill0,8,0.19,12.3,2
2332728,fill0,9,0.19,12.3,2
2332728,fill0,10,0.19,12.3,2
2332728,fill0,11,0.19,12.3,2
2332728,fill0,12,0.19,12.3,2
2332728,fill0,13,0.19,12.3,2
2332728,fill0,14,0.19,12.3,2
2332728,fill0,15,0.19,12.2,2
2332728,fill0,16,0.19,12.3,2
2332728,fill1,0,0.19,12.3,2
2332728,fill1,1,0.19,12.3,2
2332728,fill1,2,0.19,12.2,2
2332728,fill1,3,0.19,12.3,2
2332728,fill1,4,0.19,12.3,2
2332728,fill1,5,0.19,12.3,2
2332728,fill1,6,0.19,12.3,2
2332728,fill1,7,0.19,12.3,2
2332728,fill1,8,0.19,12.3,2
2332728,fill1,9,0.19,12.3,2
2332728,fill1,10,0.19,12.3,2
2332728,fill1,11,0.19,12.3,2
2332728,fill1,12,0.19,12.3,2
2332728,fill1,13,0.19,12.2,2
2332728,fill1,14,0.19,12.3,2
2332728,fill1,15,0.19,12.3,2
2332728,fill1,16,0.19,12.3,2
2332728,fill01,0,0.38,12.3,2
2332728,fill01,1,0.38,12.3,2
2332728,fill01,2,0.38,12.3,2
2332728,fill01,3,0.38,12.3,2
2332728,fill01,4,0.38,12.3,2
2332728,fill01,5,0.38,12.3,2
2332728,fill01,6,0.38,12.3,2
2332728,fill01,7,0.38,12.3,2
2332728,fill01,8,0.38,12.3,2
2332728,fill01,9,0.38,12.3,2
2332728,fill01,10,0.38,12.3,2
2332728,fill01,11,0.38,12.3,2
2332728,fill01,12,0.38,12.3,2
2332728,fill01,13,0.38,12.3,2
2332728,fill01,14,0.38,12.3,2
2332728,fill01,15,0.38,12.3,2
2332728,fill01,16,0.38,12.3,2
3110304,fill0,0,0.25,12.7,2
3110304,fill0,1,0.25,12.7,2
3110304,fill0,2,0.25,12.7,2
3110304,fill0,3,0.25,12.7,2
3110304,fill0,4,0.25,12.7,2
3110304,fill0,5,0.25,12.7,2
3110304,fill0,6,0.25,12.7,2
3110304,fill0,7,0.25,12.6,2
3110304,fill0,8,0.25,12.7,2
3110304,fill0,9,0.25,12.7,2
3110304,fill0,10,0.25,12.7,2
3110304,fill0,11,0.25,12.7,2
3110304,fill0,12,0.25,12.7,2
3110304,fill0,13,0.25,12.7,2
3110304,fill0,14,0.25,12.7,2
3110304,fill0,15,0.25,12.6,2
3110304,fill0,16,0.25,12.7,2
3110304,fill1,0,0.25,12.7,2
3110304,fill1,1,0.25,12.7,2
3110304,fill1,2,0.25,12.7,2
3110304,fill1,3,0.25,12.7,2
3110304,fill1,4,0.25,12.7,2
3110304,fill1,5,0.25,12.7,2
3110304,fill1,6,0.25,12.7,2
3110304,fill1,7,0.25,12.6,2
3110304,fill1,8,0.25,12.7,2
3110304,fill1,9,0.25,12.7,2
3110304,fill1,10,0.25,12.7,2
3110304,fill1,11,0.25,12.7,2
3110304,fill1,12,0.25,12.7,2
3110304,fill1,13,0.25,12.7,2
3110304,fill1,14,0.25,12.7,2
3110304,fill1,15,0.25,12.6,2
3110304,fill1,16,0.25,12.6,2
3110304,fill01,0,0.49,12.7,2
3110304,fill01,1,0.49,12.7,2
3110304,fill01,2,0.49,12.7,2
3110304,fill01,3,0.49,12.6,2
3110304,fill01,4,0.49,12.7,2
3110304,fill01,5,0.49,12.7,2
3110304,fill01,6,0.49,12.7,2
3110304,fill01,7,0.49,12.6,2
3110304,fill01,8,0.49,12.7,2
3110304,fill01,9,0.49,12.7,2
3110304,fill01,10,0.49,12.7,2
3110304,fill01,11,0.49,12.6,2
3110304,fill01,12,0.49,12.7,2
3110304,fill01,13,0.49,12.7,2
3110304,fill01,14,0.49,12.7,2
3110304,fill01,15,0.49,12.6,2
3110304,fill01,16,0.49,12.7,2
4147072,fill0,0,0.39,10.7,2
4147072,fill0,1,0.39,10.7,2
4147072,fill0,2,0.39,10.7,2
4147072,fill0,3,0.39,10.7,2
4147072,fill0,4,0.39,10.6,2
4147072,fill0,5,0.39,10.7,2
4147072,fill0,6,0.39,10.7,2
4147072,fill0,7,0.39,10.7,2
4147072,fill0,8,0.39,10.7,2
4147072,fill0,9,0.39,10.7,2
4147072,fill0,10,0.39,10.6,2
4147072,fill0,11,0.39,10.7,2
4147072,fill0,12,0.39,10.7,2
4147072,fill0,13,0.39,10.7,2
4147072,fill0,14,0.39,10.7,2
4147072,fill0,15,0.39,10.6,2
4147072,fill0,16,0.39,10.7,2
4147072,fill1,0,0.39,10.6,2
4147072,fill1,1,0.39,10.7,2
4147072,fill1,2,0.39,10.7,2
4147072,fill1,3,0.39,10.7,2
4147072,fill1,4,0.39,10.7,2
4147072,fill1,5,0.39,10.6,2
4147072,fill1,6,0.39,10.7,2
4147072,fill1,7,0.39,10.7,2
4147072,fill1,8,0.39,10.7,2
4147072,fill1,9,0.39,10.7,2
4147072,fill1,10,0.39,10.6,2
4147072,fill1,11,0.39,10.7,2
4147072,fill1,12,0.39,10.7,2
4147072,fill1,13,0.39,10.7,2
4147072,fill1,14,0.39,10.7,2
4147072,fill1,15,0.39,10.6,2
4147072,fill1,16,0.39,10.7,2
4147072,fill01,0,0.78,10.6,2
4147072,fill01,1,0.78,10.7,2
4147072,fill01,2,0.78,10.7,2
4147072,fill01,3,0.78,10.6,2
4147072,fill01,4,0.78,10.7,2
4147072,fill01,5,0.78,10.6,2
4147072,fill01,6,0.78,10.7,2
4147072,fill01,7,0.78,10.7,2
4147072,fill01,8,0.78,10.6,2
4147072,fill01,9,0.78,10.7,2
4147072,fill01,10,0.78,10.6,2
4147072,fill01,11,0.78,10.7,2
4147072,fill01,12,0.78,10.6,2
4147072,fill01,13,0.78,10.6,2
4147072,fill01,14,0.78,10.7,2
4147072,fill01,15,0.78,10.6,2
4147072,fill01,16,0.78,10.7,2
5529428,fill0,0,0.52,10.6,2
5529428,fill0,1,0.52,10.6,2
5529428,fill0,2,0.52,10.7,2
5529428,fill0,3,0.52,10.7,2
5529428,fill0,4,0.53,10.5,2
5529428,fill0,5,0.52,10.6,2
5529428,fill0,6,0.52,10.7,2
5529428,fill0,7,0.52,10.7,2
5529428,fill0,8,0.52,10.6,2
5529428,fill0,9,0.52,10.6,2
5529428,fill0,10,0.52,10.6,2
5529428,fill0,11,0.52,10.7,2
5529428,fill0,12,0.52,10.6,2
5529428,fill0,13,0.52,10.6,2
5529428,fill0,14,0.52,10.6,2
5529428,fill0,15,0.52,10.7,2
5529428,fill0,16,0.52,10.6,2
5529428,fill1,0,0.52,10.7,2
5529428,fill1,1,0.52,10.6,2
5529428,fill1,2,0.52,10.6,2
5529428,fill1,3,0.52,10.7,2
5529428,fill1,4,0.52,10.7,2
5529428,fill1,5,0.52,10.7,2
5529428,fill1,6,0.52,10.6,2
5529428,fill1,7,0.52,10.6,2
5529428,fill1,8,0.52,10.6,2
5529428,fill1,9,0.52,10.6,2
5529428,fill1,10,0.52,10.6,2
5529428,fill1,11,0.52,10.7,2
5529428,fill1,12,0.52,10.7,2
5529428,fill1,13,0.52,10.6,2
5529428,fill1,14,0.52,10.6,2
5529428,fill1,15,0.52,10.7,2
5529428,fill1,16,0.52,10.7,2
5529428,fill01,0,1.04,10.6,2
5529428,fill01,1,1.04,10.7,2
5529428,fill01,2,1.04,10.6,2
5529428,fill01,3,1.04,10.6,2
5529428,fill01,4,1.04,10.6,2
5529428,fill01,5,1.04,10.7,2
5529428,fill01,6,1.04,10.6,2
5529428,fill01,7,1.04,10.7,2
5529428,fill01,8,1.04,10.6,2
5529428,fill01,9,1.04,10.7,2
5529428,fill01,10,1.04,10.6,2
5529428,fill01,11,1.04,10.7,2
5529428,fill01,12,1.04,10.6,2
5529428,fill01,13,1.04,10.7,2
5529428,fill01,14,1.04,10.6,2
5529428,fill01,15,1.04,10.7,2
5529428,fill01,16,1.04,10.6,2
7372572,fill0,0,0.68,10.8,2
7372572,fill0,1,0.69,10.7,2
7372572,fill0,2,0.68,10.8,2
7372572,fill0,3,0.68,10.8,2
7372572,fill0,4,0.69,10.7,2
7372572,fill0,5,0.68,10.8,2
7372572,fill0,6,0.69,10.7,2
7372572,fill0,7,0.68,10.8,2
7372572,fill0,8,0.68,10.8,2
7372572,fill0,9,0.69,10.7,2
7372572,fill0,10,0.68,10.8,2
7372572,fill0,11,0.68,10.8,2
7372572,fill0,12,0.69,10.7,2
7372572,fill0,13,0.68,10.8,2
7372572,fill0,14,0.68,10.8,2
7372572,fill0,15,0.69,10.7,2
7372572,fill0,16,0.68,10.8,2
7372572,fill1,0,0.68,10.8,2
7372572,fill1,1,0.69,10.7,2
7372572,fill1,2,0.68,10.8,2
7372572,fill1,3,0.68,10.8,2
7372572,fill1,4,0.69,10.7,2
7372572,fill1,5,0.68,10.8,2
7372572,fill1,6,0.68,10.8,2
7372572,fill1,7,0.69,10.7,2
7372572,fill1,8,0.70,10.5,2
7372572,fill1,9,0.68,10.8,2
7372572,fill1,10,0.69,10.7,2
7372572,fill1,11,0.68,10.8,2
7372572,fill1,12,0.68,10.8,2
7372572,fill1,13,0.69,10.7,2
7372572,fill1,14,0.68,10.8,2
7372572,fill1,15,0.69,10.7,2
7372572,fill1,16,0.68,10.8,2
7372572,fill01,0,1.37,10.8,2
7372572,fill01,1,1.37,10.8,2
7372572,fill01,2,1.37,10.8,2
7372572,fill01,3,1.37,10.8,2
7372572,fill01,4,1.37,10.8,2
7372572,fill01,5,1.37,10.8,2
7372572,fill01,6,1.37,10.8,2
7372572,fill01,7,1.37,10.8,2
7372572,fill01,8,1.37,10.8,2
7372572,fill01,9,1.37,10.8,2
7372572,fill01,10,1.37,10.8,2
7372572,fill01,11,1.37,10.8,2
7372572,fill01,12,1.37,10.8,2
7372572,fill01,13,1.37,10.8,2
7372572,fill01,14,1.37,10.8,2
7372572,fill01,15,1.37,10.8,2
7372572,fill01,16,1.37,10.8,2
9830096,fill0,0,1.00,9.9,2
9830096,fill0,1,1.00,9.8,2
9830096,fill0,2,1.00,9.9,2
9830096,fill0,3,1.00,9.8,2
9830096,fill0,4,1.00,9.9,2
9830096,fill0,5,1.01,9.7,2
9830096,fill0,6,1.00,9.9,2
9830096,fill0,7,1.00,9.8,2
9830096,fill0,8,1.00,9.9,2
9830096,fill0,9,1.00,9.8,2
9830096,fill0,10,1.00,9.9,2
9830096,fill0,11,1.00,9.8,2
9830096,fill0,12,0.99,9.9,2
9830096,fill0,13,1.00,9.8,2
9830096,fill0,14,0.99,9.9,2
9830096,fill0,15,1.00,9.8,2
9830096,fill0,16,1.00,9.9,2
9830096,fill1,0,1.00,9.9,2
9830096,fill1,1,1.00,9.8,2
9830096,fill1,2,1.00,9.9,2
9830096,fill1,3,1.00,9.8,2
9830096,fill1,4,1.00,9.9,2
9830096,fill1,5,1.00,9.8,2
9830096,fill1,6,0.99,9.9,2
9830096,fill1,7,1.01,9.7,2
9830096,fill1,8,1.00,9.9,2
9830096,fill1,9,1.01,9.7,2
9830096,fill1,10,1.00,9.9,2
9830096,fill1,11,1.00,9.8,2
9830096,fill1,12,1.00,9.9,2
9830096,fill1,13,1.01,9.8,2
9830096,fill1,14,1.00,9.9,2
9830096,fill1,15,1.00,9.8,2
9830096,fill1,16,1.00,9.9,2
9830096,fill01,0,2.00,9.8,2
9830096,fill01,1,2.00,9.8,2
9830096,fill01,2,2.00,9.8,2
9830096,fill01,3,2.00,9.8,2
9830096,fill01,4,2.00,9.8,2
9830096,fill01,5,2.00,9.8,2
9830096,fill01,6,2.00,9.8,2
9830096,fill01,7,2.00,9.8,2
9830096,fill01,8,2.00,9.8,2
9830096,fill01,9,2.00,9.8,2
9830096,fill01,10,2.00,9.8,2
9830096,fill01,11,2.00,9.8,2
9830096,fill01,12,2.00,9.8,2
9830096,fill01,13,2.00,9.8,2
9830096,fill01,14,2.00,9.9,2
9830096,fill01,15,2.00,9.8,2
9830096,fill01,16,2.00,9.8,2
13106792,fill0,0,1.34,9.7,2
13106792,fill0,1,1.35,9.7,2
13106792,fill0,2,1.35,9.7,2
13106792,fill0,3,1.34,9.8,2
13106792,fill0,4,1.38,9.5,2
13106792,fill0,5,1.37,9.6,2
13106792,fill0,6,1.35,9.7,2
13106792,fill0,7,1.39,9.4,2
13106792,fill0,8,1.36,9.7,2
13106792,fill0,9,1.36,9.7,2
13106792,fill0,10,1.37,9.6,2
13106792,fill0,11,1.36,9.6,2
13106792,fill0,12,1.35,9.7,2
13106792,fill0,13,1.35,9.7,2
13106792,fill0,14,1.36,9.6,2
13106792,fill0,15,1.35,9.7,2
13106792,fill0,16,1.35,9.7,2
13106792,fill1,0,1.35,9.7,2
13106792,fill1,1,1.35,9.7,2
13106792,fill1,2,1.35,9.7,2
13106792,fill1,3,1.34,9.7,2
13106792,fill1,4,1.35,9.7,2
13106792,fill1,5,1.35,9.7,2
13106792,fill1,6,1.34,9.8,2
13106792,fill1,7,1.35,9.7,2
13106792,fill1,8,1.35,9.7,2
13106792,fill1,9,1.34,9.8,2
13106792,fill1,10,1.36,9.7,2
13106792,fill1,11,1.36,9.7,2
13106792,fill1,12,1.34,9.8,2
13106792,fill1,13,1.42,9.2,2
13106792,fill1,14,1.39,9.5,2
13106792,fill1,15,1.36,9.6,2
13106792,fill1,16,1.36,9.7,2
13106792,fill01,0,2.70,9.7,2
13106792,fill01,1,2.70,9.7,2
13106792,fill01,2,2.70,9.7,2
13106792,fill01,3,2.71,9.7,2
13106792,fill01,4,2.70,9.7,2
13106792,fill01,5,2.73,9.6,2
13106792,fill01,6,2.73,9.6,2
13106792,fill01,7,2.71,9.7,2
13106792,fill01,8,2.71,9.7,2
13106792,fill01,9,2.71,9.7,2
13106792,fill01,10,2.70,9.7,2
13106792,fill01,11,2.71,9.7,2
13106792,fill01,12,2.70,9.7,2
13106792,fill01,13,2.70,9.7,2
13106792,fill01,14,2.71,9.7,2
13106792,fill01,15,2.70,9.7,2
13106792,fill01,16,2.70,9.7,2
17475724,fill0,0,2.10,8.3,2
17475724,fill0,1,2.10,8.3,2
17475724,fill0,2,2.10,8.3,2
17475724,fill0,3,2.09,8.3,2
17475724,fill0,4,2.09,8.4,2
17475724,fill0,5,2.09,8.4,2
17475724,fill0,6,2.09,8.4,2
17475724,fill0,7,2.09,8.4,2
17475724,fill0,8,2.10,8.3,2
17475724,fill0,9,2.09,8.4,2
17475724,fill0,10,2.09,8.4,2
17475724,fill0,11,2.09,8.4,2
17475724,fill0,12,2.09,8.4,2
17475724,fill0,13,2.09,8.4,2
17475724,fill0,14,2.09,8.4,2
17475724,fill0,15,2.09,8.4,2
17475724,fill0,16,2.09,8.4,2
17475724,fill1,0,2.09,8.4,2
17475724,fill1,1,2.09,8.4,2
17475724,fill1,2,2.09,8.4,2
17475724,fill1,3,2.08,8.4,2
17475724,fill1,4,2.09,8.4,2
17475724,fill1,5,2.09,8.4,2
17475724,fill1,6,2.09,8.4,2
17475724,fill1,7,2.09,8.4,2
17475724,fill1,8,2.09,8.4,2
17475724,fill1,9,2.09,8.4,2
17475724,fill1,10,2.08,8.4,2
17475724,fill1,11,2.09,8.4,2
17475724,fill1,12,2.09,8.4,2
17475724,fill1,13,2.09,8.4,2
17475724,fill1,14,2.09,8.4,2
17475724,fill1,15,2.09,8.4,2
17475724,fill1,16,2.10,8.3,2
17475724,fill01,0,4.18,8.4,2
17475724,fill01,1,4.17,8.4,2
17475724,fill01,2,4.17,8.4,2
17475724,fill01,3,4.18,8.4,2
17475724,fill01,4,4.17,8.4,2
17475724,fill01,5,4.17,8.4,2
17475724,fill01,6,4.18,8.4,2
17475724,fill01,7,4.19,8.4,2
17475724,fill01,8,4.18,8.4,2
17475724,fill01,9,4.17,8.4,2
17475724,fill01,10,4.18,8.4,2
17475724,fill01,11,4.17,8.4,2
17475724,fill01,12,4.18,8.4,2
17475724,fill01,13,4.18,8.4,2
17475724,fill01,14,4.17,8.4,2
17475724,fill01,15,4.17,8.4,2
17475724,fill01,16,4.17,8.4,2
23300964,fill0,0,2.61,8.9,2
23300964,fill0,1,2.62,8.9,2
23300964,fill0,2,2.61,8.9,2
23300964,fill0,3,2.61,8.9,2
23300964,fill0,4,2.63,8.9,2
23300964,fill0,5,2.61,8.9,2
23300964,fill0,6,2.61,8.9,2
23300964,fill0,7,2.62,8.9,2
23300964,fill0,8,2.61,8.9,2
23300964,fill0,9,2.61,8.9,2
23300964,fill0,10,2.61,8.9,2
23300964,fill0,11,2.62,8.9,2
23300964,fill0,12,2.61,8.9,2
23300964,fill0,13,2.61,8.9,2
23300964,fill0,14,2.62,8.9,2
23300964,fill0,15,2.61,8.9,2
23300964,fill0,16,2.60,8.9,2
23300964,fill1,0,2.60,8.9,2
23300964,fill1,1,2.62,8.9,2
23300964,fill1,2,2.61,8.9,2
23300964,fill1,3,2.60,9.0,2
23300964,fill1,4,2.62,8.9,2
23300964,fill1,5,2.61,8.9,2
23300964,fill1,6,2.61,8.9,2
23300964,fill1,7,2.61,8.9,2
23300964,fill1,8,2.62,8.9,2
23300964,fill1,9,2.61,8.9,2
23300964,fill1,10,2.61,8.9,2
23300964,fill1,11,2.61,8.9,2
23300964,fill1,12,2.61,8.9,2
23300964,fill1,13,2.61,8.9,2
23300964,fill1,14,2.62,8.9,2
23300964,fill1,15,2.61,8.9,2
23300964,fill1,16,2.61,8.9,2
23300964,fill01,0,5.23,8.9,2
23300964,fill01,1,5.22,8.9,2
23300964,fill01,2,5.23,8.9,2
23300964,fill01,3,5.22,8.9,2
23300964,fill01,4,5.23,8.9,2
23300964,fill01,5,5.23,8.9,2
23300964,fill01,6,5.22,8.9,2
23300964,fill01,7,5.23,8.9,2
23300964,fill01,8,5.22,8.9,2
23300964,fill01,9,5.21,8.9,2
23300964,fill01,10,5.24,8.9,2
23300964,fill01,11,5.23,8.9,2
23300964,fill01,12,5.24,8.9,2
23300964,fill01,13,5.24,8.9,2
23300964,fill01,14,5.23,8.9,2
23300964,fill01,15,5.23,8.9,2
23300964,fill01,16,5.23,8.9,2
31067952,fill0,0,3.39,9.2,2
31067952,fill0,1,3.37,9.2,2
31067952,fill0,2,3.39,9.2,2
31067952,fill0,3,3.39,9.2,2
31067952,fill0,4,3.38,9.2,2
31067952,fill0,5,3.39,9.2,2
31067952,fill0,6,3.39,9.2,2
31067952,fill0,7,3.39,9.2,2
31067952,fill0,8,3.38,9.2,2
31067952,fill0,9,3.39,9.2,2
31067952,fill0,10,3.39,9.2,2
31067952,fill0,11,3.38,9.2,2
31067952,fill0,12,3.39,9.2,2
31067952,fill0,13,3.39,9.2,2
31067952,fill0,14,3.38,9.2,2
31067952,fill0,15,3.39,9.2,2
31067952,fill0,16,3.39,9.2,2
31067952,fill1,0,3.38,9.2,2
31067952,fill1,1,3.38,9.2,2
31067952,fill1,2,3.38,9.2,2
31067952,fill1,3,3.37,9.2,2
31067952,fill1,4,3.39,9.2,2
31067952,fill1,5,3.38,9.2,2
31067952,fill1,6,3.37,9.2,2
31067952,fill1,7,3.38,9.2,2
31067952,fill1,8,3.38,9.2,2
31067952,fill1,9,3.37,9.2,2
31067952,fill1,10,3.38,9.2,2
31067952,fill1,11,3.38,9.2,2
31067952,fill1,12,3.37,9.2,2
31067952,fill1,13,3.39,9.2,2
31067952,fill1,14,3.39,9.2,2
31067952,fill1,15,3.38,9.2,2
31067952,fill1,16,3.38,9.2,2
31067952,fill01,0,6.76,9.2,2
31067952,fill01,1,6.76,9.2,2
31067952,fill01,2,6.77,9.2,2
31067952,fill01,3,6.76,9.2,2
31067952,fill01,4,6.77,9.2,2
31067952,fill01,5,6.76,9.2,2
31067952,fill01,6,6.76,9.2,2
31067952,fill01,7,6.76,9.2,2
31067952,fill01,8,6.76,9.2,2
31067952,fill01,9,6.76,9.2,2
31067952,fill01,10,6.75,9.2,2
31067952,fill01,11,6.77,9.2,2
31067952,fill01,12,6.77,9.2,2
31067952,fill01,13,6.76,9.2,2
31067952,fill01,14,6.76,9.2,2
31067952,fill01,15,6.77,9.2,2
31067952,fill01,16,6.76,9.2,2
41423936,fill0,0,4.91,8.4,2
41423936,fill0,1,4.89,8.5,2
41423936,fill0,2,4.90,8.5,2
41423936,fill0,3,4.88,8.5,2
41423936,fill0,4,4.90,8.5,2
41423936,fill0,5,4.89,8.5,2
41423936,fill0,6,4.89,8.5,2
41423936,fill0,7,4.90,8.5,2
41423936,fill0,8,4.88,8.5,2
41423936,fill0,9,4.90,8.5,2
41423936,fill0,10,4.92,8.4,2
41423936,fill0,11,4.90,8.5,2
41423936,fill0,12,4.89,8.5,2
41423936,fill0,13,4.91,8.4,2
41423936,fill0,14,4.89,8.5,2
41423936,fill0,15,4.90,8.5,2
41423936,fill0,16,4.90,8.5,2
41423936,fill1,0,4.90,8.5,2
41423936,fill1,1,4.89,8.5,2
41423936,fill1,2,4.89,8.5,2
41423936,fill1,3,4.90,8.5,2
41423936,fill1,4,4.89,8.5,2
41423936,fill1,5,4.89,8.5,2
41423936,fill1,6,4.89,8.5,2
41423936,fill1,7,4.90,8.5,2
41423936,fill1,8,4.89,8.5,2
41423936,fill1,9,4.90,8.5,2
41423936,fill1,10,4.91,8.4,2
41423936,fill1,11,4.89,8.5,2
41423936,fill1,12,4.90,8.4,2
41423936,fill1,13,4.89,8.5,2
41423936,fill1,14,4.90,8.5,2
41423936,fill1,15,4.88,8.5,2
41423936,fill1,16,4.90,8.5,2
41423936,fill01,0,9.78,8.5,2
41423936,fill01,1,9.78,8.5,2
41423936,fill01,2,9.78,8.5,2
41423936,fill01,3,9.78,8.5,2
41423936,fill01,4,9.79,8.5,2
41423936,fill01,5,9.79,8.5,2
41423936,fill01,6,9.79,8.5,2
41423936,fill01,7,9.77,8.5,2
41423936,fill01,8,9.79,8.5,2
41423936,fill01,9,9.79,8.5,2
41423936,fill01,10,9.79,8.5,2
41423936,fill01,11,9.80,8.5,2
41423936,fill01,12,9.78,8.5,2
41423936,fill01,13,9.79,8.5,2
41423936,fill01,14,9.78,8.5,2
41423936,fill01,15,9.79,8.5,2
41423936,fill01,16,9.78,8.5,2
55231916,fill0,0,6.32,8.7,2
55231916,fill0,1,6.33,8.7,2
55231916,fill0,2,6.31,8.7,2
55231916,fill0,3,6.33,8.7,2
55231916,fill0,4,6.33,8.7,2
55231916,fill0,5,6.31,8.7,2
55231916,fill0,6,6.31,8.7,2
55231916,fill0,7,6.31,8.8,2
55231916,fill0,8,6.31,8.8,2
55231916,fill0,9,6.31,8.8,2
55231916,fill0,10,6.32,8.7,2
55231916,fill0,11,6.31,8.8,2
55231916,fill0,12,6.31,8.8,2
55231916,fill0,13,6.31,8.7,2
55231916,fill0,14,6.31,8.7,2
55231916,fill0,15,6.31,8.7,2
55231916,fill0,16,6.31,8.8,2
55231916,fill1,0,6.32,8.7,2
55231916,fill1,1,6.31,8.8,2
55231916,fill1,2,6.31,8.8,2
55231916,fill1,3,6.31,8.8,2
55231916,fill1,4,6.32,8.7,2
55231916,fill1,5,6.33,8.7,2
55231916,fill1,6,6.31,8.7,2
55231916,fill1,7,6.33,8.7,2
55231916,fill1,8,6.35,8.7,2
55231916,fill1,9,6.34,8.7,2
55231916,fill1,10,6.32,8.7,2
55231916,fill1,11,6.33,8.7,2
55231916,fill1,12,6.32,8.7,2
55231916,fill1,13,6.31,8.7,2
55231916,fill1,14,6.31,8.7,2
55231916,fill1,15,6.31,8.7,2
55231916,fill1,16,6.33,8.7,2
55231916,fill01,0,12.64,8.7,2
55231916,fill01,1,12.67,8.7,2
55231916,fill01,2,12.64,8.7,2
55231916,fill01,3,12.64,8.7,2
55231916,fill01,4,12.63,8.7,2
55231916,fill01,5,12.63,8.7,2
55231916,fill01,6,12.63,8.7,2
55231916,fill01,7,12.63,8.7,2
55231916,fill01,8,12.63,8.7,2
55231916,fill01,9,12.64,8.7,2
55231916,fill01,10,12.65,8.7,2
55231916,fill01,11,12.61,8.8,2
55231916,fill01,12,12.63,8.7,2
55231916,fill01,13,12.63,8.7,2
55231916,fill01,14,12.63,8.7,2
55231916,fill01,15,12.62,8.8,2
55231916,fill01,16,12.64,8.7,2
73642556,fill0,0,8.07,9.1,2
73642556,fill0,1,8.05,9.2,2
73642556,fill0,2,8.05,9.2,2
73642556,fill0,3,8.03,9.2,2
73642556,fill0,4,8.04,9.2,2
73642556,fill0,5,8.03,9.2,2
73642556,fill0,6,8.03,9.2,2
73642556,fill0,7,8.03,9.2,2
73642556,fill0,8,8.03,9.2,2
73642556,fill0,9,8.03,9.2,2
73642556,fill0,10,8.04,9.2,2
73642556,fill0,11,8.04,9.2,2
73642556,fill0,12,8.03,9.2,2
73642556,fill0,13,8.03,9.2,2
73642556,fill0,14,8.04,9.2,2
73642556,fill0,15,8.04,9.2,2
73642556,fill0,16,8.04,9.2,2
73642556,fill1,0,8.04,9.2,2
73642556,fill1,1,8.04,9.2,2
73642556,fill1,2,8.04,9.2,2
73642556,fill1,3,8.04,9.2,2
73642556,fill1,4,8.04,9.2,2
73642556,fill1,5,8.04,9.2,2
73642556,fill1,6,8.04,9.2,2
73642556,fill1,7,8.04,9.2,2
73642556,fill1,8,8.04,9.2,2
73642556,fill1,9,8.04,9.2,2
73642556,fill1,10,8.03,9.2,2
73642556,fill1,11,8.04,9.2,2
73642556,fill1,12,8.04,9.2,2
73642556,fill1,13,8.04,9.2,2
73642556,fill1,14,8.04,9.2,2
73642556,fill1,15,8.05,9.1,2
73642556,fill1,16,8.04,9.2,2
73642556,fill01,0,16.11,9.1,2
73642556,fill01,1,16.10,9.1,2
73642556,fill01,2,16.07,9.2,2
73642556,fill01,3,16.08,9.2,2
73642556,fill01,4,16.08,9.2,2
73642556,fill01,5,16.07,9.2,2
73642556,fill01,6,16.09,9.2,2
73642556,fill01,7,16.08,9.2,2
73642556,fill01,8,16.09,9.2,2
73642556,fill01,9,16.07,9.2,2
73642556,fill01,10,16.07,9.2,2
73642556,fill01,11,16.08,9.2,2
73642556,fill01,12,16.07,9.2,2
73642556,fill01,13,16.08,9.2,2
73642556,fill01,14,16.08,9.2,2
73642556,fill01,15,16.08,9.2,2
73642556,fill01,16,16.10,9.1,2
98190072,fill0,0,10.40,9.4,2
98190072,fill0,1,10.40,9.4,2
98190072,fill0,2,10.40,9.4,2
98190072,fill0,3,10.40,9.4,2
98190072,fill0,4,10.41,9.4,2
98190072,fill0,5,10.41,9.4,2
98190072,fill0,6,10.40,9.4,2
98190072,fill0,7,10.41,9.4,2
98190072,fill0,8,10.40,9.4,2
98190072,fill0,9,10.41,9.4,2
98190072,fill0,10,10.40,9.4,2
98190072,fill0,11,10.40,9.4,2
98190072,fill0,12,10.40,9.4,2
98190072,fill0,13,10.40,9.4,2
98190072,fill0,14,10.43,9.4,2
98190072,fill0,15,10.43,9.4,2
98190072,fill0,16,10.41,9.4,2
98190072,fill1,0,10.43,9.4,2
98190072,fill1,1,10.40,9.4,2
98190072,fill1,2,10.40,9.4,2
98190072,fill1,3,10.42,9.4,2
98190072,fill1,4,10.40,9.4,2
98190072,fill1,5,10.42,9.4,2
98190072,fill1,6,10.52,9.3,2
98190072,fill1,7,10.43,9.4,2
98190072,fill1,8,10.40,9.4,2
98190072,fill1,9,10.42,9.4,2
98190072,fill1,10,10.44,9.4,2
98190072,fill1,11,10.41,9.4,2
98190072,fill1,12,10.41,9.4,2
98190072,fill1,13,10.41,9.4,2
98190072,fill1,14,10.40,9.4,2
98190072,fill1,15,10.40,9.4,2
98190072,fill1,16,10.41,9.4,2
98190072,fill01,0,20.84,9.4,2
98190072,fill01,1,20.80,9.4,2
98190072,fill01,2,20.81,9.4,2
98190072,fill01,3,20.87,9.4,2
98190072,fill01,4,20.82,9.4,2
98190072,fill01,5,20.82,9.4,2
98190072,fill01,6,20.82,9.4,2
98190072,fill01,7,20.81,9.4,2
98190072,fill01,8,20.81,9.4,2
98190072,fill01,9,20.80,9.4,2
98190072,fill01,10,20.90,9.4,2
98190072,fill01,11,20.81,9.4,2
98190072,fill01,12,20.82,9.4,2
98190072,fill01,13,20.82,9.4,2
98190072,fill01,14,20.82,9.4,2
98190072,fill01,15,20.81,9.4,2
98190072,fill01,16,20.80,9.4,2
